ID_Uzorka;Dubina_Busenja_cm;Temp_Tla_C;pH_Vrijednost;H2O_Postotak;Metan_Senzor;Organske_Molekule
1;10,3;-29,6;6,57;1,28;Negativno;Ne
2;3,8;150,0;-2,0;4,22;Pozitivno;Ne
3;13,2;-53,4;7,14;2,06;Negativno;Ne
4;7,0;-48,8;7,16;5,49;Negativno;Ne
5;8,9;-44,6;7,32;5,14;Pozitivno;Ne
6;4,6;-37,0;7,77;3,46;Pozitivno;Ne
7;7,9;-65,0;7,48;4,5;Negativno;Ne
8;12,9;-66,4;6,65;5,42;Negativno;Ne
9;10,7;-57,5;6,86;4,33;Negativno;Ne
10;9,4;-56,9;6,68;2,06;Negativno;Ne
11;14,6;-23,8;6,99;4,02;Negativno;Da
12;3,0;-61,7;7,1;3,65;Negativno;Ne
13;14,9;-46,1;6,39;2,02;Negativno;Ne
14;1,2;-55,5;6,49;2,78;Negativno;Ne
15;2,4;-37,8;7,87;1,15;Negativno;Ne
16;7,5;-39,8;7,55;4,81;Negativno;Ne
17;4,4;-60,8;6,0;3,2;Negativno;Ne
18;1,6;-68,0;7,73;3,29;Negativno;Ne
19;13,2;-37,2;6,16;2,9;Negativno;Ne
20;5,2;-62,3;7,08;4,53;Negativno;Da
21;11,5;-65,4;8,37;2,7;Negativno;Ne
22;4,7;-41,3;6,88;4,88;Negativno;Ne
23;13,1;-34,0;6,75;0,71;Negativno;Ne
24;5,7;-42,8;6,13;5,0;Negativno;Ne
25;6,9;-37,5;6,72;5,36;Negativno;Ne
26;12,3;-36,4;7,65;4,33;Negativno;Da
27;1,2;-51,9;8,11;0,58;Negativno;Ne
28;13,1;-50,0;7,01;5,1;Negativno;Ne
29;8,9;-40,0;6,6;1,05;Negativno;Ne
30;4,8;-46,9;6,52;0,81;Negativno;Ne
31;11,3;-46,8;7,15;4,13;Negativno;Ne
32;2,1;-44,9;6,98;5,26;Negativno;Ne
33;6,6;-54,9;6,48;2,93;Pozitivno;Ne
34;13,8;-54,4;6,93;4,4;Negativno;Ne
35;7,0;-51,6;6,25;2,67;Negativno;Ne
36;3,4;-49,8;6,32;1,75;Negativno;Ne
37;0,5;-9,1;6,32;3,65;Pozitivno;Ne
38;9,9;-60,7;6,69;2,47;Negativno;Ne
39;10,7;-46,5;6,43;4,97;Negativno;Ne
40;12,2;-59,6;7,45;4,84;Negativno;Ne
41;1,0;-31,2;6,65;4,36;Negativno;Ne
42;11,8;-6,4;6,96;10,255747029839561;Pozitivno;Da
43;5,1;-33,1;7,81;1,16;Negativno;Ne
44;6,6;-68,2;7,2;3,66;Negativno;Ne
45;9,7;-65,0;6,34;4,61;Negativno;Ne
46;7,2;-54,2;6,06;4,37;Negativno;Ne
47;3,7;-44,2;7,47;3,53;Negativno;Ne
48;6,4;-72,1;6,56;3,23;Negativno;Ne
49;14,5;-51,9;6,83;5,57;Negativno;Ne
50;9,3;-15,4;7,04;6,145747029839563;Pozitivno;Da
51;4,8;-18,8;6,84;5,45;Negativno;Ne
52;14,8;-75,9;7,2;2,88;Negativno;Ne
53;12,5;-68,8;6,28;2,17;Negativno;Ne
54;11,4;-54,1;7,49;4,0;Pozitivno;Ne
55;0,8;-40,9;7,42;2,46;Negativno;Ne
56;13,7;-52,6;7,48;1,6;Negativno;Ne
57;9,0;-51,2;7,32;2,76;Negativno;Da
58;3,6;-38,7;8,11;2,11;Negativno;Ne
59;11,3;-5,4;6,43;6,2161434936068645;Pozitivno;Da
60;0,4;-19,1;7,27;11,115747029839563;Pozitivno;Da
61;1,7;-42,2;7,59;2,22;Negativno;Ne
62;4,3;-5,1;7,34;4,856143493606864;Pozitivno;Da
63;13,1;-38,0;6,38;3,81;Negativno;Ne
64;8,3;-62,9;6,74;5,23;Negativno;Ne
65;2,0;-27,6;7,16;1,17;Negativno;Ne
66;3,5;-15,2;7,03;8,265747029839563;Pozitivno;Da
67;0,7;-53,2;7,75;1,63;Negativno;Ne
68;7,7;-50,1;7,6;4,26;Negativno;Ne
69;6,7;-14,8;5,88;3,255221911125287;Pozitivno;Da
70;15,0;-40,4;7,97;4,03;Negativno;Ne
71;2,2;-69,1;8,15;4,99;Negativno;Ne
72;1,5;-27,2;6,35;2,2;Negativno;Ne
73;13,5;-50,4;6,85;2,03;Negativno;Ne
74;8,6;-46,6;7,39;4,41;Negativno;Ne
75;5,7;-63,0;7,42;2,87;Negativno;Ne
76;0,7;-53,9;6,99;5,48;Negativno;Ne
77;4,2;-16,3;7,36;9,826143493606864;Pozitivno;Da
78;4,8;-51,0;7,2;0,99;Negativno;Ne
79;9,8;-50,3;7,03;4,71;Negativno;Ne
80;14,5;-39,1;6,73;3,41;Negativno;Ne
81;11,7;-85,4;7,32;3,68;Negativno;Ne
82;7,7;-62,1;7,12;0,71;Negativno;Ne
83;7,4;-40,6;6,6;5,79;Negativno;Ne
84;8,9;-45,5;8,12;5,77;Negativno;Ne
85;4,0;-38,5;7,92;5,89;Negativno;Ne
86;9,7;-42,5;6,13;2,0;Negativno;Ne
87;13,2;-32,7;5,95;1,89;Negativno;Da
88;3,8;-69,1;5,96;5,5;Negativno;Ne
89;10,9;-44,9;7,08;0,67;Negativno;Ne
90;13,6;-66,8;7,03;1,08;Negativno;Ne
91;13,6;-48,9;6,94;3,47;Negativno;Ne
92;12,3;-87,1;7,76;0,18;Negativno;Ne
93;3,5;-31,8;7,07;1,46;Negativno;Ne
94;12,3;-54,8;7,08;1,57;Negativno;Ne
95;9,2;-34,7;6,68;4,61;Negativno;Ne
96;11,2;-50,7;7,5;4,07;Negativno;Ne
97;8,0;-60,5;6,78;4,32;Negativno;Da
98;10,6;-49,9;6,47;3,2;Negativno;Ne
99;3,0;-35,6;7,23;1,47;Negativno;Ne
100;4,6;-46,1;7,44;0,55;Negativno;Ne
101;14,6;-64,3;7,84;4,3;Negativno;Ne
102;8,4;-53,7;7,43;3,94;Negativno;Ne
103;14,1;-20,4;5,88;5,64;Negativno;Ne
104;13,9;-48,1;6,28;4,53;Negativno;Ne
105;5,3;-52,3;7,2;0,8;Negativno;Ne
106;2,5;-74,7;7,03;1,75;Negativno;Ne
107;14,9;-43,1;7,31;3,48;Negativno;Ne
108;13,3;-64,4;6,59;0,95;Negativno;Ne
109;1,6;-53,0;7,13;3,51;Negativno;Ne
110;2,8;-48,8;6,72;0,96;Negativno;Da
111;11,8;-41,6;5,79;2,24;Negativno;Ne
112;13,2;-64,7;6,31;4,1;Negativno;Ne
113;4,6;-63,7;6,68;5,68;Negativno;Ne
114;14,1;-24,4;7,2;4,93;Pozitivno;Ne
115;14,0;-77,8;6,79;2,17;Negativno;Ne
116;7,8;-45,9;6,76;0,41;Negativno;Ne
117;6,7;-30,1;7,2;3,91;Negativno;Ne
118;3,5;-29,4;6,92;5,18;Pozitivno;Ne
119;0,3;-27,5;7,63;4,74;Negativno;Da
120;5,4;-54,3;6,75;4,93;Negativno;Ne
121;14,5;-48,9;6,71;3,17;Negativno;Ne
122;1,7;-61,1;6,63;0,83;Negativno;Ne
123;1,0;-42,9;6,55;2,43;Negativno;Ne
124;9,9;-71,0;6,55;1,8;Negativno;Ne
125;10,0;-73,6;6,61;0,86;Negativno;Ne
126;0,6;-60,9;6,96;2,21;Negativno;Ne
127;6,9;-49,5;6,4;4,43;Negativno;Ne
128;11,5;-31,2;7,31;1,26;Negativno;Ne
129;13,1;-30,3;6,45;5,48;Negativno;Ne
130;9,4;-50,4;7,46;3,22;Negativno;Ne
131;7,2;-42,3;7,35;3,83;Negativno;Ne
132;11,0;-79,4;7,29;2,75;Negativno;Ne
133;14,7;-35,7;7,11;5,65;Negativno;Ne
134;0,4;-33,4;6,91;3,35;Negativno;Ne
135;9,9;-12,1;6,61;8,736143493606864;Pozitivno;Da
136;0,2;-48,4;6,77;3,09;Negativno;Ne
137;8,7;-68,8;7,7;3,09;Negativno;Ne
138;6,1;-57,8;6,98;1,18;Negativno;Ne
139;2,7;-40,5;6,64;3,29;Negativno;Da
140;1,2;-71,8;6,92;0,15;Negativno;Ne
141;7,0;-36,7;6,24;2,8;Negativno;Ne
142;14,1;-48,3;6,64;5,12;Negativno;Ne
143;3,1;-56,8;6,29;4,54;Negativno;Ne
144;10,8;-51,6;6,44;4,67;Negativno;Ne
145;11,2;-39,0;6,68;3,7;Negativno;Ne
146;0,6;-55,6;7,56;2,07;Negativno;Ne
147;13,1;-54,9;7,0;5,68;Negativno;Ne
148;9,9;-54,8;6,66;2,74;Negativno;Ne
149;3,8;-62,4;7,95;1,83;Negativno;Ne
150;12,1;-44,7;7,25;2,76;Pozitivno;Ne
151;10,2;-65,6;7,34;5,02;Negativno;Ne
152;6,4;-54,1;6,96;3,29;Negativno;Ne
153;1,8;-26,5;6,1;3,11;Pozitivno;Ne
154;11,2;-50,6;6,21;5,64;Negativno;Ne
155;0,3;-76,9;6,26;5,44;Negativno;Ne
156;11,4;-32,6;7,11;1,25;Negativno;Ne
157;9,2;-42,5;6,74;2,17;Negativno;Ne
158;2,3;-42,1;7,4;3,54;Negativno;Ne
159;6,2;-7,1;7,14;5,885221911125287;Pozitivno;Da
160;13,6;-54,0;6,62;4,38;Negativno;Ne
161;3,3;-32,0;7,71;0,32;Negativno;Ne
162;9,8;-61,4;6,11;3,13;Negativno;Ne
163;2,1;-56,2;6,23;5,41;Negativno;Ne
164;12,2;-35,0;6,15;1,71;Negativno;Ne
165;6,9;-52,1;7,6;0,29;Negativno;Da
166;6,0;-48,1;7,87;5,98;Negativno;Ne
167;8,6;-70,8;7,52;1,7;Negativno;Ne
168;8,3;-56,7;7,42;4,78;Negativno;Ne
169;2,5;-46,6;7,19;2,85;Negativno;Ne
170;8,4;-45,6;7,57;0,81;Negativno;Ne
171;11,7;-38,0;7,06;0,11;Negativno;Da
172;5,4;-34,2;5,98;3,21;Negativno;Ne
173;12,8;-47,0;7,47;2,42;Negativno;Ne
174;14,2;-44,8;6,65;0,59;Negativno;Ne
175;5,0;-75,2;6,55;4,21;Negativno;Da
176;10,9;-54,6;6,87;0,79;Negativno;Ne
177;10,7;-69,3;7,53;5,36;Negativno;Ne
178;5,2;-35,4;6,79;2,38;Negativno;Ne
179;3,1;-65,3;7,11;3,12;Negativno;Ne
180;3,2;-55,3;6,82;1,2;Negativno;Ne
181;9,6;-17,5;7,48;5,48;Negativno;Ne
182;3,5;-43,2;7,34;1,52;Negativno;Ne
183;9,8;-12,2;7,13;8,296143493606863;Pozitivno;Da
184;2,4;-38,5;7,14;0,99;Negativno;Da
185;13,5;-44,7;6,8;1,13;Pozitivno;Ne
186;3,9;-55,6;6,51;4,59;Negativno;Ne
187;7,2;-27,5;6,94;2,34;Negativno;Ne
188;5,6;-42,7;6,87;5,39;Negativno;Ne
189;1,4;-40,7;6,57;3,39;Negativno;Ne
190;11,4;-54,3;7,3;0,85;Negativno;Ne
191;11,5;-71,1;6,7;1,22;Pozitivno;Ne
192;11,9;-46,2;7,62;4,38;Negativno;Ne
193;9,7;-53,1;6,17;5,9;Negativno;Ne
194;9,4;-31,5;7,03;5,49;Negativno;Ne
195;6,3;-29,1;6,87;3,53;Pozitivno;Ne
196;2,6;-27,3;7,26;4,2;Negativno;Ne
197;12,4;-64,3;7,0;5,49;Pozitivno;Ne
198;2,5;-45,3;7,57;0,24;Negativno;Ne
199;1,9;-75,7;5,92;3,57;Negativno;Ne
200;14,4;-28,7;7,39;3,0;Negativno;Ne
201;12,9;-69,2;6,14;1,47;Negativno;Ne
202;1,2;-53,9;6,09;1,31;Negativno;Da
203;11,0;-48,2;6,85;4,74;Negativno;Ne
204;14,7;-10,1;7,33;3,32;Negativno;Ne
205;7,3;-41,7;8,12;5,72;Negativno;Ne
206;1,0;-62,1;7,43;5,25;Pozitivno;Da
207;8,5;-70,7;6,49;1,23;Negativno;Ne
208;1,5;-26,9;7,29;5,82;Negativno;Ne
209;10,8;-56,3;6,45;4,81;Negativno;Ne
210;5,2;-57,5;6,8;0,17;Negativno;Ne
211;3,8;-68,1;7,31;0,61;Negativno;Ne
212;5,3;-66,3;6,56;2,55;Negativno;Ne
213;14,9;-64,4;7,46;4,31;Negativno;Ne
214;13,3;-71,1;6,94;3,86;Pozitivno;Ne
215;6,4;-51,5;6,27;3,01;Negativno;Ne
216;11,0;-53,5;7,56;3,72;Negativno;Ne
217;7,6;-48,2;6,98;4,78;Negativno;Ne
218;7,1;-41,4;7,11;5,8;Negativno;Ne
219;13,4;-57,8;6,91;4,87;Negativno;Ne
220;8,5;-61,8;7,18;3,44;Negativno;Ne
221;11,6;-51,1;6,22;5,63;Negativno;Ne
222;7,8;-43,7;7,42;4,15;Negativno;Ne
223;9,9;-37,2;6,77;3,2;Negativno;Ne
224;6,9;-52,9;7,36;5,37;Negativno;Ne
225;11,4;-56,7;6,58;4,12;Pozitivno;Ne
226;2,0;-81,4;6,34;1,64;Negativno;Ne
227;7,2;-40,6;6,7;3,64;Negativno;Ne
228;3,3;-67,1;7,57;0,36;Negativno;Ne
229;12,9;-52,9;7,65;2,66;Negativno;Ne
230;5,7;-56,6;7,37;3,92;Negativno;Ne
231;6,2;-68,5;6,92;3,42;Negativno;Ne
232;10,2;-42,5;6,81;4,36;Negativno;Ne
233;8,7;-63,7;7,19;2,22;Negativno;Ne
234;10,2;-48,9;6,97;5,98;Negativno;Ne
235;2,0;-35,7;6,9;4,91;Negativno;Ne
236;9,3;-62,1;7,21;4,33;Negativno;Ne
237;1,6;-18,3;6,88;8,095747029839563;Pozitivno;Da
238;10,9;-82,1;6,24;5,68;Negativno;Ne
239;0,6;-46,0;7,72;1,27;Negativno;Ne
240;8,3;-54,8;7,05;1,04;Negativno;Ne
241;11,6;-60,3;6,8;5,48;Negativno;Ne
242;9,4;-51,1;7,47;2,58;Pozitivno;Ne
243;5,5;-66,2;6,71;5,63;Negativno;Ne
244;1,1;-41,0;6,93;0,22;Negativno;Ne
245;5,9;-37,7;7,55;3,58;Pozitivno;Ne
246;3,9;-54,2;7,69;5,02;Negativno;Ne
247;7,5;-27,7;7,13;0,17;Negativno;Ne
248;6,0;-43,8;7,05;0,92;Negativno;Ne
249;8,2;-55,5;6,01;1,32;Negativno;Ne
250;2,5;-57,7;7,46;2,76;Negativno;Ne
251;8,0;-16,7;6,74;7,135221911125287;Pozitivno;Da
252;11,3;-59,3;7,39;3,07;Negativno;Ne
253;2,6;-64,9;7,31;1,3;Pozitivno;Ne
254;9,3;-31,0;6,22;1,54;Negativno;Ne
255;9,3;-33,0;6,5;3,3;Negativno;Ne
256;1,8;-55,2;6,39;2,16;Negativno;Ne
257;14,8;-63,0;6,65;5,89;Negativno;Ne
258;12,7;-13,1;6,46;5,536143493606864;Pozitivno;Da
259;1,5;-6,0;7,18;5,626143493606864;Pozitivno;Da
260;11,5;-71,4;6,27;1,02;Negativno;Ne
261;2,4;-40,5;6,64;2,77;Negativno;Ne
262;9,6;-26,6;6,53;5,52;Negativno;Ne
263;5,1;-16,5;7,47;4,406143493606864;Pozitivno;Da
264;13,5;-34,3;7,6;1,99;Negativno;Ne
265;6,1;-40,7;6,93;3,59;Negativno;Ne
266;13,3;-52,2;7,02;2,96;Pozitivno;Ne
267;13,2;-15,6;6,41;9,086143493606864;Pozitivno;Da
268;10,0;-34,2;7,64;5,33;Negativno;Ne
269;6,3;-38,8;7,09;1,02;Pozitivno;Ne
270;4,4;-30,6;8,25;3,99;Negativno;Da
271;9,6;-41,3;7,62;5,97;Negativno;Ne
272;9,8;-73,7;6,21;2,34;Negativno;Da
273;5,0;-39,2;7,02;3,23;Negativno;Ne
274;2,4;-22,5;7,53;4,36;Negativno;Ne
275;14,4;-57,7;6,97;1,42;Negativno;Ne
276;11,8;-18,6;6,33;7,526143493606864;Pozitivno;Da
277;5,2;-55,3;6,54;0,48;Negativno;Ne
278;8,4;-51,5;7,57;4,23;Negativno;Ne
279;7,0;-38,4;6,83;0,49;Negativno;Ne
280;10,7;-60,1;6,93;5,53;Negativno;Ne
281;13,3;-43,0;7,51;1,24;Negativno;Ne
282;8,3;-22,1;6,08;5,36;Negativno;Ne
283;12,6;-55,9;6,86;1,6;Negativno;Ne
284;9,5;-51,4;7,99;4,25;Negativno;Ne
285;5,4;-39,3;7,18;4,27;Negativno;Da
286;5,3;-44,8;7,2;1,98;Negativno;Ne
287;9,6;-43,5;6,4;3,68;Negativno;Ne
288;3,3;-50,5;6,35;3,27;Negativno;Ne
289;4,9;-57,7;5,99;1,43;Negativno;Ne
290;6,5;-52,2;7,14;1,45;Negativno;Ne
291;7,6;-50,2;7,63;0,75;Negativno;Ne
292;10,0;-36,4;7,38;2,2;Negativno;Ne
293;5,4;-46,1;6,65;0,12;Negativno;Ne
294;14,1;-36,8;6,91;3,45;Negativno;Da
295;13,8;-48,2;6,78;3,32;Negativno;Ne
296;1,6;-59,4;7,3;5,66;Negativno;Ne
297;2,0;-34,2;7,35;2,36;Negativno;Ne
298;10,1;-70,9;6,55;0,23;Pozitivno;Ne
299;13,2;-56,4;7,27;1,77;Negativno;Ne
300;12,7;-61,4;6,57;1,75;Negativno;Ne
301;3,3;-9,7;7,17;5,94;Negativno;Ne
302;12,9;-58,6;6,64;1,49;Pozitivno;Ne
303;6,9;-64,4;7,2;3,37;Negativno;Ne
304;11,4;-59,8;6,33;4,63;Negativno;Ne
305;3,0;-51,5;7,27;2,99;Negativno;Ne
306;8,0;-9,2;6,36;8,656143493606864;Pozitivno;Da
307;3,8;-46,3;7,63;0,42;Negativno;Ne
308;8,5;-49,3;6,63;3,4;Negativno;Ne
309;5,2;-46,0;7,21;3,7;Negativno;Ne
310;2,9;-46,4;7,27;4,34;Negativno;Ne
311;2,0;-59,5;6,45;3,22;Negativno;Ne
312;9,9;-52,4;7,71;2,98;Negativno;Ne
313;0,6;-42,4;7,39;5,64;Pozitivno;Ne
314;9,4;-55,7;7,45;2,91;Negativno;Ne
315;1,4;-63,5;6,88;3,88;Negativno;Ne
316;14,5;-48,6;7,55;4,73;Negativno;Ne
317;1,2;-58,9;7,01;5,83;Negativno;Ne
318;10,6;-39,1;8,03;4,31;Negativno;Ne
319;5,8;-51,2;6,96;2,26;Pozitivno;Ne
320;8,7;-32,3;6,49;1,67;Negativno;Ne
321;1,3;-60,0;6,96;1,72;Negativno;Ne
322;13,0;-33,1;6,83;1,94;Negativno;Ne
323;1,8;-50,3;6,98;4,64;Pozitivno;Ne
324;3,1;-39,5;7,66;1,97;Negativno;Ne
325;9,2;-10,2;7,27;9,275747029839563;Pozitivno;Da
326;8,3;-16,8;6,54;6,965747029839562;Pozitivno;Da
327;0,8;-52,4;6,36;3,04;Negativno;Ne
328;1,1;-52,0;6,61;3,31;Negativno;Ne
329;9,6;-11,1;7,07;9,546143493606863;Pozitivno;Da
330;6,9;-58,9;6,5;1,35;Negativno;Ne
331;14,5;-42,8;6,47;3,07;Negativno;Ne
332;6,9;-47,0;7,53;2,05;Pozitivno;Ne
333;11,0;-33,9;6,98;0,94;Pozitivno;Ne
334;2,5;-42,1;6,89;2,84;Negativno;Ne
335;9,1;-10,4;7,12;10,665747029839562;Pozitivno;Da
336;6,4;-23,3;6,74;5,16;Negativno;Ne
337;0,2;-29,6;6,84;1,72;Negativno;Da
338;10,0;-43,8;6,94;5,78;Negativno;Ne
339;12,5;-21,4;6,54;1,34;Negativno;Ne
340;11,1;-67,7;7,53;0,29;Negativno;Ne
341;6,0;-53,2;6,49;5,22;Negativno;Ne
342;5,0;-28,7;7,5;1,99;Negativno;Ne
343;10,6;-50,7;8,03;3,55;Negativno;Da
344;11,1;-49,6;6,4;1,98;Pozitivno;Da
345;14,6;-44,2;6,99;4,98;Negativno;Ne
346;10,7;-65,9;7,34;4,86;Negativno;Ne
347;7,6;-58,0;6,45;5,38;Negativno;Ne
348;5,4;-11,4;6,55;4,906143493606864;Pozitivno;Da
349;12,6;-15,7;7,33;4,7;Negativno;Ne
350;14,9;-60,2;7,26;4,75;Negativno;Da
351;5,7;-52,3;6,27;4,81;Negativno;Ne
352;9,5;-58,5;6,91;0,11;Negativno;Ne
353;12,5;-48,6;6,24;3,12;Negativno;Da
354;13,4;-42,2;7,69;5,55;Negativno;Ne
355;4,8;-33,3;6,48;5,22;Negativno;Ne
356;10,3;-31,4;6,6;2,94;Negativno;Ne
357;6,8;-61,8;6,5;0,33;Negativno;Ne
358;3,7;-34,3;7,31;0,17;Negativno;Ne
359;10,6;-50,8;6,56;5,81;Negativno;Ne
360;4,0;-44,5;7,44;3,37;Negativno;Ne
361;11,0;-16,5;6,48;2,97;Negativno;Ne
362;0,2;-72,1;7,37;5,02;Negativno;Ne
363;6,2;-45,8;6,69;2,43;Negativno;Ne
364;9,0;-64,4;7,7;2,49;Negativno;Ne
365;9,0;-53,1;5,81;2,49;Negativno;Ne
366;8,6;-47,7;7,13;2,2;Negativno;Ne
367;14,9;-58,6;6,73;0,12;Negativno;Ne
368;5,2;-66,2;7,17;5,72;Negativno;Ne
369;12,1;-58,1;7,47;5,11;Negativno;Ne
370;1,2;-46,0;6,58;5,51;Negativno;Ne
371;4,2;-44,0;6,84;1,61;Negativno;Ne
372;5,2;-74,2;6,71;2,67;Negativno;Da
373;5,5;-33,4;7,16;0,53;Negativno;Ne
374;7,8;-56,8;6,96;1,53;Negativno;Ne
375;12,0;-76,0;6,48;4,09;Negativno;Ne
376;8,1;-57,8;6,87;6,0;Negativno;Ne
377;5,7;-65,2;7,38;3,01;Negativno;Ne
378;9,5;-38,7;7,54;3,24;Negativno;Ne
379;2,2;-34,7;7,22;0,6;Negativno;Ne
380;14,1;-65,6;6,82;5,94;Negativno;Ne
381;4,2;-61,6;7,5;4,89;Negativno;Ne
382;3,1;-50,3;6,81;5,48;Pozitivno;Ne
383;3,1;-58,0;6,77;2,16;Negativno;Ne
384;7,1;-37,9;7,06;2,86;Negativno;Da
385;1,1;-29,5;7,09;1,92;Pozitivno;Da
386;6,1;-57,2;6,79;3,91;Negativno;Ne
387;5,5;-67,5;7,14;2,73;Negativno;Ne
388;9,9;-45,8;7,18;0,22;Negativno;Ne
389;13,1;-58,0;7,1;0,23;Negativno;Ne
390;4,9;-23,9;6,5;2,57;Negativno;Ne
391;7,7;-30,8;7,08;3,93;Negativno;Ne
392;7,5;-47,5;6,26;0,16;Negativno;Ne
393;11,1;-67,6;6,41;0,46;Negativno;Ne
394;11,9;-56,2;7,72;1,45;Negativno;Ne
395;13,8;-64,2;6,68;1,16;Negativno;Ne
396;12,9;-31,9;7,29;3,6;Negativno;Ne
397;11,2;-76,9;6,94;1,75;Negativno;Ne
398;12,3;-44,8;7,26;4,15;Negativno;Da
399;10,2;-46,4;6,31;1,41;Negativno;Da
400;8,7;-49,3;7,69;5,68;Negativno;Ne
401;8,8;-42,0;6,95;1,24;Negativno;Ne
402;9,2;-45,0;6,65;0,7;Negativno;Ne
403;4,6;-60,9;7,83;0,57;Negativno;Ne
404;9,3;-17,1;7,43;6,105747029839563;Pozitivno;Da
405;10,3;-11,1;7,27;5,775221911125287;Pozitivno;Da
406;3,2;-30,8;6,41;2,87;Negativno;Ne
407;11,9;-58,1;6,41;2,53;Negativno;Ne
408;8,6;-55,3;6,12;0,53;Negativno;Ne
409;4,0;-68,5;7,11;0,91;Negativno;Ne
410;14,8;-39,3;6,18;0,57;Negativno;Ne
411;3,4;-34,9;7,76;3,81;Negativno;Ne
412;12,4;-62,4;6,73;2,19;Negativno;Ne
413;12,2;-53,8;7,81;0,24;Negativno;Ne
414;9,5;-43,7;7,44;1,8;Negativno;Ne
415;5,1;-35,9;6,57;5,41;Negativno;Ne
416;4,6;-41,0;7,45;1,21;Negativno;Ne
417;2,4;-14,6;6,51;4,8461434936068635;Pozitivno;Da
418;12,5;-38,6;6,6;1,98;Negativno;Da
419;8,8;-62,8;7,39;5,47;Negativno;Ne
420;7,5;-55,5;8,02;3,76;Negativno;Ne
421;5,1;-6,4;7,05;0,6;Negativno;Ne
422;1,8;-52,6;6,79;0,52;Negativno;Ne
423;9,1;-66,7;7,14;2,95;Pozitivno;Ne
424;1,2;-43,2;6,97;2,65;Negativno;Ne
425;7,2;-64,4;7,1;5,61;Negativno;Ne
426;9,3;-57,9;7,05;1,66;Negativno;Ne
427;6,1;-71,2;6,91;2,04;Negativno;Ne
428;13,0;-8,6;7,89;6,7352219111252865;Pozitivno;Da
429;4,3;-48,7;6,64;4,99;Negativno;Ne
430;4,1;-18,9;6,09;7,165221911125286;Pozitivno;Da
431;8,5;-48,8;7,0;1,24;Negativno;Ne
432;3,2;-32,7;7,29;3,79;Pozitivno;Ne
433;6,8;-56,9;7,93;2,17;Pozitivno;Ne
434;11,9;-29,2;7,17;2,15;Negativno;Ne
435;2,6;-68,4;7,45;2,14;Negativno;Ne
436;0,9;-36,2;7,17;4,71;Negativno;Ne
437;2,5;-48,1;7,0;1,81;Negativno;Ne
438;3,1;-37,2;7,48;2,6;Negativno;Ne
439;5,2;-30,5;6,57;2,02;Negativno;Ne
440;9,5;-13,9;6,93;9,355747029839563;Pozitivno;Da
441;2,7;-33,0;7,63;2,28;Negativno;Ne
442;5,1;-60,1;6,45;1,59;Negativno;Ne
443;4,4;-56,4;7,56;4,52;Pozitivno;Ne
444;3,9;-60,7;7,93;1,07;Negativno;Ne
445;7,9;-29,0;6,84;1,31;Negativno;Ne
446;10,4;-81,8;6,04;3,96;Negativno;Ne
447;12,3;-26,5;6,58;0,22;Negativno;Ne
448;1,4;-42,9;8,32;4,41;Negativno;Da
449;1,0;-24,3;7,71;1,42;Negativno;Ne
450;5,7;-63,4;7,33;3,2;Negativno;Ne
451;14,1;-33,1;6,13;1,24;Negativno;Ne
452;5,5;-69,4;7,41;5,53;Pozitivno;Ne
453;10,8;-46,1;6,19;5,64;Pozitivno;Ne
454;13,9;-42,9;7,83;3,45;Negativno;Ne
455;12,4;-53,0;6,73;0,95;Negativno;Ne
456;12,4;-32,7;6,83;5,29;Negativno;Ne
457;1,2;-71,6;7,62;0,87;Negativno;Ne
458;10,2;-67,7;6,15;3,96;Pozitivno;Ne
459;6,9;-50,0;6,16;1,58;Negativno;Ne
460;7,5;-74,6;6,91;2,65;Negativno;Ne
461;5,7;-65,3;7,15;2,5;Negativno;Ne
462;2,3;-59,6;7,21;1,9;Negativno;Ne
463;7,1;-32,9;6,62;4,55;Negativno;Ne
464;3,2;-12,3;6,89;8,155747029839564;Pozitivno;Da
465;12,6;-49,0;6,15;4,9;Pozitivno;Ne
466;3,5;-52,9;6,3;5,7;Negativno;Ne
467;11,6;-49,2;7,0;3,16;Negativno;Ne
468;8,5;-54,0;6,91;0,39;Negativno;Ne
469;14,4;-15,0;7,68;11,135747029839562;Pozitivno;Da
470;10,7;-20,6;6,51;1,38;Negativno;Ne
471;9,1;-31,2;7,08;3,39;Negativno;Ne
472;6,7;-47,9;7,85;2,56;Negativno;Ne
473;9,0;-35,2;6,64;1,44;Negativno;Ne
474;7,5;-58,8;6,9;4,41;Negativno;Ne
475;12,0;-36,7;7,28;1,24;Negativno;Ne
476;7,1;-64,2;7,62;1,36;Negativno;Ne
477;12,5;-67,0;7,23;0,81;Negativno;Ne
478;10,5;-42,5;7,28;5,83;Negativno;Ne
479;14,3;-47,5;7,08;1,94;Negativno;Da
480;10,3;-53,4;7,4;4,31;Negativno;Ne
481;3,2;-52,2;6,9;1,63;Negativno;Ne
482;9,6;-52,5;7,85;1,06;Pozitivno;Da
483;8,0;-72,0;6,36;0,93;Negativno;Ne
484;10,6;-15,1;7,71;7,615221911125287;Pozitivno;Da
485;3,8;-52,1;6,39;2,21;Negativno;Ne
486;3,9;-38,8;7,13;2,68;Negativno;Ne
487;11,1;-16,3;6,86;9,568342794775356;Pozitivno;Da
488;12,8;-67,8;6,65;2,4;Negativno;Ne
489;14,8;-52,0;6,12;1,03;Negativno;Da
490;6,1;-57,9;7,34;0,53;Negativno;Ne
491;14,3;-37,3;6,48;3,02;Negativno;Ne
492;7,7;-57,8;7,2;4,89;Negativno;Ne
493;13,6;-40,4;7,31;0,2;Negativno;Ne
494;6,6;-53,9;6,85;2,05;Negativno;Ne
495;9,3;-33,6;7,34;5,34;Pozitivno;Ne
496;1,6;-58,8;7,11;5,74;Negativno;Ne
497;10,0;-73,6;7,43;1,71;Negativno;Ne
498;12,9;-66,8;7,08;1,43;Negativno;Ne
499;14,5;-41,0;6,83;1,26;Negativno;Ne
500;2,6;-5,2;5,99;6,858342794775355;Pozitivno;Da
501;9,6;150,0;-2,0;5,43;Pozitivno;Ne
502;5,4;-42,2;6,81;1,62;Negativno;Ne
503;3,2;-52,9;7,6;4,75;Negativno;Ne
504;4,2;-23,1;7,44;2,27;Negativno;Ne
505;6,8;-60,1;6,74;5,18;Negativno;Ne
506;1,4;-69,6;6,59;1,7;Negativno;Ne
507;1,8;-62,3;7,67;4,2;Negativno;Ne
508;3,4;-83,1;7,44;2,9;Negativno;Ne
509;1,7;-28,0;6,05;4,18;Negativno;Ne
510;9,7;-37,5;5,81;3,4;Negativno;Ne
511;10,8;-46,9;6,23;1,42;Negativno;Ne
512;1,4;-38,8;7,23;1,7;Pozitivno;Ne
513;7,9;-46,1;7,11;4,84;Negativno;Ne
514;6,0;-28,3;6,98;5,13;Negativno;Ne
515;13,6;-27,6;6,49;2,67;Negativno;Ne
516;13,7;-62,0;6,95;1,94;Negativno;Ne
517;0,4;-54,1;7,67;3,8;Negativno;Ne
518;4,4;-43,2;7,55;4,29;Negativno;Ne
519;13,8;-46,1;6,61;3,8;Negativno;Ne
520;9,6;-32,6;6,95;4,87;Negativno;Ne
521;0,6;-64,7;6,19;0,26;Negativno;Ne
522;12,5;-10,3;7,67;1,95;Negativno;Ne
523;4,6;-47,4;6,83;5,01;Negativno;Ne
524;8,8;-11,7;7,29;7,906143493606864;Pozitivno;Da
525;4,6;-53,7;6,39;5,32;Negativno;Ne
526;13,8;-65,4;6,5;0,69;Negativno;Ne
527;14,6;-67,9;5,86;4,81;Negativno;Ne
528;3,6;-60,4;7,46;2,38;Negativno;Ne
529;0,9;-13,0;6,66;4,095221911125287;Pozitivno;Da
530;6,7;-58,0;6,78;3,63;Negativno;Ne
531;2,6;-55,3;7,23;3,97;Negativno;Ne
532;6,5;-59,1;7,49;3,56;Negativno;Ne
533;10,1;-67,3;7,47;2,42;Negativno;Ne
534;14,8;-42,9;8,2;2,13;Negativno;Ne
535;13,5;-38,2;6,82;5,38;Negativno;Ne
536;8,5;-10,6;6,45;10,955747029839563;Pozitivno;Da
537;6,1;-18,0;6,04;7,736143493606864;Pozitivno;Da
538;0,6;-61,4;7,36;0,78;Negativno;Ne
539;14,8;-31,1;6,6;3,02;Negativno;Ne
540;4,9;-50,1;7,28;3,09;Negativno;Ne
541;8,9;-59,8;5,96;1,25;Negativno;Ne
542;12,9;-52,1;6,89;4,02;Negativno;Ne
543;3,7;-41,9;6,92;3,23;Negativno;Ne
544;8,8;-33,8;7,19;5,18;Negativno;Ne
545;7,9;-56,8;6,32;4,77;Negativno;Ne
546;4,2;-32,8;6,69;4,12;Negativno;Ne
547;4,1;-55,5;7,02;4,62;Negativno;Ne
548;10,3;-49,3;7,99;2,28;Negativno;Ne
549;0,1;-55,6;6,3;4,43;Negativno;Ne
550;4,6;-28,6;6,36;4,56;Negativno;Ne
551;8,2;-54,0;7,5;1,71;Negativno;Ne
552;1,9;-42,9;7,0;1,88;Negativno;Ne
553;10,5;-36,9;7,63;4,75;Negativno;Ne
554;0,9;-40,2;6,71;0,77;Negativno;Ne
555;13,6;-47,2;7,68;1,0;Negativno;Ne
556;0,2;-38,3;7,36;4,12;Negativno;Ne
557;5,3;-38,6;5,99;5,91;Negativno;Ne
558;6,9;150,0;-2,0;1,9;Pozitivno;Ne
559;2,7;-53,5;6,56;3,27;Pozitivno;Ne
560;9,9;-44,8;5,81;5,77;Negativno;Ne
561;10,9;-70,3;8,21;3,49;Negativno;Ne
562;10,8;-57,6;7,41;3,75;Negativno;Ne
563;14,3;-38,9;6,77;5,97;Negativno;Ne
564;12,3;-39,9;6,6;5,89;Negativno;Ne
565;12,2;-52,2;6,66;1,11;Negativno;Ne
566;13,2;-39,5;6,16;0,25;Negativno;Ne
567;10,6;-41,0;7,69;0,61;Negativno;Ne
568;4,0;-73,9;7,58;1,51;Negativno;Ne
569;5,4;-54,3;7,84;3,17;Negativno;Ne
570;4,7;-57,0;7,13;0,55;Negativno;Ne
571;1,9;150,0;-2,0;5,25;Pozitivno;Ne
572;11,7;-49,0;7,71;5,71;Negativno;Ne
573;6,2;-18,1;6,13;2,34;Negativno;Ne
574;12,9;-31,9;7,93;5,06;Negativno;Ne
575;6,9;-60,2;6,76;1,83;Negativno;Ne
576;1,7;-71,1;6,66;0,6;Negativno;Ne
577;10,9;-38,5;7,11;2,82;Negativno;Ne
578;5,7;-74,1;7,22;0,61;Negativno;Ne
579;14,5;-61,6;7,61;5,98;Negativno;Ne
580;13,5;-53,6;7,58;2,85;Pozitivno;Ne
581;0,8;-75,8;7,94;4,62;Negativno;Ne
582;2,3;-33,9;6,95;4,13;Negativno;Ne
583;6,8;-51,5;6,49;5,09;Negativno;Ne
584;6,6;-36,5;6,92;0,46;Negativno;Ne
585;7,1;-44,8;7,05;5,57;Pozitivno;Ne
586;4,1;-8,1;6,2;6,925221911125287;Pozitivno;Da
587;3,1;-8,2;7,3;3,5;Negativno;Ne
588;7,2;-64,4;6,6;0,36;Pozitivno;Ne
589;12,2;-40,4;7,16;4,32;Negativno;Ne
590;4,7;-46,3;7,8;0,12;Negativno;Ne
591;8,1;-60,7;8,11;1,05;Negativno;Ne
592;5,0;-52,9;6,22;1,12;Negativno;Ne
593;10,0;-52,3;5,89;4,96;Negativno;Ne
594;12,0;-58,2;7,9;5,97;Negativno;Ne
595;12,5;-61,7;6,64;2,38;Negativno;Ne
596;8,5;-26,6;8,07;3,99;Negativno;Ne
597;8,5;-13,8;7,17;6,755747029839562;Pozitivno;Da
598;9,7;-16,5;6,87;10,255747029839561;Pozitivno;Da
599;1,6;-62,8;8,09;4,31;Negativno;Ne
600;11,6;-54,2;5,91;4,02;Negativno;Ne
601;2,1;-36,5;6,88;0,46;Negativno;Ne
602;7,7;-64,5;7,62;0,86;Negativno;Ne
603;13,7;-35,0;7,6;2,73;Negativno;Ne
604;9,4;-52,1;7,01;2,42;Negativno;Ne
605;9,8;-32,7;6,86;2,65;Negativno;Ne
606;7,6;-34,4;6,17;3,77;Negativno;Ne
607;10,7;-54,8;7,02;5,77;Negativno;Ne
608;13,0;-43,0;7,04;5,34;Negativno;Ne
609;4,4;-32,7;6,52;5,29;Negativno;Ne
610;12,7;-67,3;6,15;0,97;Negativno;Ne
611;10,2;-37,7;6,88;4,32;Negativno;Ne
612;14,2;-60,4;7,12;2,2;Negativno;Ne
613;13,2;-50,2;6,71;4,33;Negativno;Ne
614;3,6;-45,0;7,74;0,67;Negativno;Ne
615;14,7;-68,7;6,92;3,92;Negativno;Ne
616;10,5;-58,8;7,0;0,52;Negativno;Ne
617;5,0;-54,0;7,69;5,64;Negativno;Ne
618;5,3;-19,4;7,26;9,456143493606863;Pozitivno;Da
619;10,0;-39,5;6,38;0,83;Negativno;Ne
620;6,1;-11,3;6,92;9,715747029839562;Pozitivno;Da
621;2,4;-60,7;6,55;2,23;Negativno;Ne
622;10,9;150,0;-2,0;2,98;Pozitivno;Ne
623;7,1;-26,2;7,83;5,29;Pozitivno;Ne
624;1,0;-72,4;7,52;5,72;Negativno;Ne
625;11,6;-37,1;7,27;4,28;Negativno;Ne
626;9,0;-38,7;6,97;1,12;Negativno;Ne
627;9,9;-62,4;6,89;0,21;Negativno;Ne
628;9,0;-51,1;7,81;5,55;Pozitivno;Ne
629;0,8;-17,2;6,1;7,725221911125287;Pozitivno;Da
630;9,0;150,0;-2,0;5,62;Pozitivno;Ne
631;10,5;-15,3;7,79;6,326143493606864;Pozitivno;Da
632;9,7;-83,9;7,28;4,22;Negativno;Ne
633;7,0;-58,8;7,11;4,39;Negativno;Da
634;2,5;-56,7;6,43;4,52;Negativno;Ne
635;1,5;-58,4;6,91;5,85;Negativno;Ne
636;14,3;-55,3;5,48;4,68;Pozitivno;Ne
637;11,2;-41,8;7,52;2,64;Negativno;Ne
638;9,4;-37,8;6,95;1,12;Negativno;Ne
639;1,4;-62,3;7,5;0,15;Negativno;Ne
640;2,6;-56,2;6,47;5,47;Negativno;Ne
641;5,0;-27,1;7,55;3,17;Negativno;Ne
642;13,6;-31,6;6,84;5,17;Negativno;Ne
643;7,3;-39,0;6,82;4,42;Negativno;Ne
644;0,8;-55,9;6,67;5,22;Negativno;Ne
645;13,5;-53,0;6,65;0,37;Negativno;Da
646;13,4;-76,1;6,2;0,91;Negativno;Ne
647;4,8;-60,4;6,3;1,19;Negativno;Ne
648;3,2;-66,4;6,96;1,53;Negativno;Ne
649;14,2;-52,5;7,59;5,58;Pozitivno;Ne
650;0,9;-45,7;6,94;4,85;Negativno;Ne
651;12,8;-61,2;6,71;3,75;Negativno;Ne
652;2,1;-49,1;7,21;4,27;Negativno;Ne
653;9,8;-65,5;7,97;2,83;Negativno;Ne
654;6,9;-18,7;7,26;9,236143493606864;Pozitivno;Da
655;5,1;-18,1;6,29;5,986143493606864;Pozitivno;Da
656;7,3;-30,3;6,94;4,22;Negativno;Ne
657;7,0;-14,2;6,94;8,375747029839562;Pozitivno;Da
658;12,4;-47,9;7,4;1,0;Negativno;Ne
659;8,1;-48,1;6,57;5,04;Negativno;Ne
660;12,7;-68,4;7,01;0,47;Negativno;Ne
661;13,3;-73,1;6,95;4,34;Negativno;Ne
662;3,0;-47,4;6,32;3,92;Negativno;Ne
663;6,5;-81,5;6,75;5,51;Negativno;Ne
664;7,9;-37,1;7,25;0,94;Negativno;Ne
665;11,0;-63,0;7,23;0,66;Pozitivno;Ne
666;1,3;-47,0;7,14;4,07;Negativno;Ne
667;9,9;-27,3;7,31;5,29;Negativno;Ne
668;11,0;-62,8;7,08;3,48;Negativno;Ne
669;14,7;-31,9;7,05;3,96;Negativno;Ne
670;2,7;-42,5;6,41;3,81;Negativno;Ne
671;8,3;-64,4;7,94;5,01;Negativno;Ne
672;2,8;-73,7;6,57;2,71;Negativno;Ne
673;7,1;-34,7;7,56;0,71;Negativno;Ne
674;1,3;-37,9;5,66;3,68;Negativno;Ne
675;9,0;-51,5;7,79;2,05;Negativno;Ne
676;6,5;-27,3;7,74;3,35;Negativno;Ne
677;13,2;-57,2;6,97;5,02;Negativno;Da
678;9,2;-23,9;6,9;1,22;Negativno;Ne
679;4,4;-65,4;7,13;4,22;Negativno;Ne
680;14,9;-51,8;7,82;5,04;Pozitivno;Ne
681;2,9;-49,2;6,24;3,81;Pozitivno;Ne
682;7,8;-89,6;7,5;1,13;Negativno;Ne
683;0,3;-45,6;7,13;3,73;Negativno;Ne
684;11,2;-38,9;7,56;1,88;Negativno;Ne
685;3,0;-42,1;6,75;0,74;Negativno;Ne
686;6,5;-31,0;6,63;2,55;Negativno;Ne
687;2,3;-35,1;6,9;5,47;Negativno;Ne
688;13,8;-45,9;7,64;4,04;Negativno;Ne
689;1,4;-57,2;7,14;2,43;Negativno;Ne
690;6,6;-71,1;6,6;1,53;Negativno;Ne
691;9,7;-48,1;6,85;2,54;Negativno;Da
692;3,2;-15,6;7,21;4,346143493606864;Pozitivno;Da
693;14,6;-38,7;6,91;4,69;Pozitivno;Ne
694;8,1;-40,7;6,92;4,1;Negativno;Ne
695;1,0;-49,2;6,59;3,25;Negativno;Ne
696;6,4;-48,3;6,42;2,41;Negativno;Ne
697;13,4;-31,6;6,23;5,43;Pozitivno;Ne
698;14,1;-58,1;6,65;5,66;Negativno;Ne
699;4,4;-51,9;7,79;2,72;Negativno;Ne
700;12,9;-10,1;7,58;9,426143493606864;Pozitivno;Da
701;11,4;-52,1;7,12;1,39;Negativno;Ne
702;14,9;-63,1;7,3;0,37;Negativno;Ne
703;5,1;-51,3;6,57;3,2;Pozitivno;Ne
704;4,5;-79,9;7,19;3,54;Pozitivno;Ne
705;12,6;-55,3;6,69;1,67;Negativno;Ne
706;2,7;-58,6;6,6;2,07;Negativno;Ne
707;2,9;-69,1;8,37;1,51;Negativno;Ne
708;12,4;-56,3;7,21;5,34;Pozitivno;Ne
709;5,4;-54,1;6,88;1,08;Negativno;Ne
710;13,5;-56,7;7,14;3,95;Negativno;Ne
711;1,3;-76,0;7,78;1,88;Negativno;Ne
712;3,8;-66,8;7,4;5,14;Negativno;Ne
713;1,5;-24,5;6,71;0,87;Negativno;Ne
714;6,3;-64,0;6,46;4,11;Negativno;Ne
715;7,7;-42,4;6,56;2,3;Negativno;Ne
716;3,2;-68,3;7,4;5,79;Negativno;Ne
717;6,7;-30,8;7,28;5,16;Negativno;Ne
718;7,0;-70,2;7,19;4,35;Negativno;Ne
719;11,3;-35,1;6,67;2,88;Negativno;Ne
720;8,8;-60,5;6,64;2,97;Negativno;Ne
721;14,1;-50,2;6,8;0,16;Negativno;Ne
722;5,3;-51,5;7,42;0,83;Negativno;Ne
723;3,3;-51,8;7,82;2,68;Negativno;Ne
724;14,8;-9,8;7,83;11,335747029839563;Pozitivno;Da
725;9,6;-52,5;6,51;4,77;Negativno;Ne
726;0,2;-76,1;6,73;2,88;Negativno;Ne
727;14,1;-30,0;6,81;1,59;Negativno;Ne
728;0,1;-57,6;6,85;5,4;Negativno;Ne
729;12,8;-59,5;6,45;4,32;Negativno;Ne
730;9,4;-68,3;6,69;2,1;Negativno;Ne
731;3,2;-45,3;7,0;0,77;Negativno;Ne
732;2,0;-52,0;6,65;1,45;Negativno;Ne
733;2,0;-73,2;6,22;4,73;Negativno;Ne
734;13,7;-70,8;6,94;5,56;Negativno;Ne
735;1,4;-23,5;6,9;6,0;Negativno;Ne
736;3,9;-82,7;7,81;2,45;Negativno;Ne
737;12,5;-49,7;7,51;5,79;Pozitivno;Ne
738;9,0;-54,6;6,87;3,64;Negativno;Ne
739;14,3;-89,9;7,0;0,63;Negativno;Ne
740;12,0;-31,0;6,41;4,92;Negativno;Ne
741;5,0;-60,3;6,46;5,33;Pozitivno;Ne
742;3,0;-74,9;6,26;5,47;Negativno;Ne
743;10,5;-49,3;7,48;2,62;Negativno;Ne
744;11,2;-41,6;8,27;3,39;Negativno;Ne
745;5,2;-45,3;6,96;2,92;Negativno;Ne
746;8,0;-28,5;7,25;0,45;Negativno;Ne
747;2,9;-43,2;6,94;4,75;Negativno;Da
748;8,5;-32,8;7,95;2,9;Negativno;Ne
749;13,2;-36,8;6,53;5,48;Negativno;Ne
750;13,5;-55,0;6,06;4,95;Negativno;Ne
751;12,2;-19,6;7,59;9,768342794775355;Pozitivno;Da
752;11,2;-37,4;7,02;0,22;Negativno;Ne
753;11,8;-41,4;6,17;4,71;Negativno;Ne
754;8,7;-7,4;7,55;1,12;Negativno;Ne
755;12,1;-50,5;6,76;1,28;Pozitivno;Ne
756;10,2;-65,3;7,22;3,68;Pozitivno;Ne
757;2,7;-68,5;7,38;3,0;Negativno;Ne
758;1,0;-49,1;5,82;5,59;Negativno;Ne
759;2,7;-47,7;7,31;0,11;Negativno;Ne
760;1,1;-74,6;7,82;2,33;Negativno;Ne
761;0,2;-56,0;7,05;1,67;Negativno;Ne
762;11,4;-80,9;8,09;4,37;Negativno;Ne
763;5,0;-70,8;6,85;2,13;Negativno;Ne
764;10,8;-59,0;6,73;0,31;Negativno;Ne
765;4,7;-18,4;7,1;2,98;Negativno;Ne
766;4,2;-41,4;7,24;4,27;Negativno;Ne
767;3,5;-35,7;6,79;4,04;Negativno;Ne
768;4,8;-30,5;6,5;5,62;Negativno;Ne
769;6,1;-52,8;7,88;4,28;Negativno;Ne
770;11,1;-33,4;7,62;2,41;Negativno;Ne
771;9,2;-51,8;6,11;0,1;Negativno;Ne
772;2,7;-28,7;6,51;5,79;Negativno;Ne
773;7,2;-56,0;6,08;5,64;Negativno;Ne
774;5,8;-46,8;6,95;4,04;Negativno;Ne
775;7,5;-56,7;7,58;4,61;Negativno;Ne
776;3,0;-51,2;6,74;1,93;Negativno;Ne
777;10,1;-75,9;6,78;4,57;Negativno;Ne
778;6,2;-55,2;7,29;1,81;Pozitivno;Ne
779;12,6;-84,5;7,23;4,3;Negativno;Ne
780;2,5;-61,9;6,45;0,58;Negativno;Ne
781;3,8;-45,8;6,15;4,8;Negativno;Ne
782;2,0;-66,1;7,34;4,24;Negativno;Ne
783;3,2;-53,5;7,3;3,02;Negativno;Ne
784;0,1;-63,7;7,61;3,76;Negativno;Ne
785;14,7;-56,9;6,79;5,37;Negativno;Ne
786;5,5;-33,6;7,93;1,73;Negativno;Ne
787;12,0;-42,5;6,71;2,21;Negativno;Ne
788;5,2;-58,0;7,25;5,92;Negativno;Ne
789;14,9;-28,0;7,51;3,18;Negativno;Ne
790;4,1;-41,0;6,55;4,87;Negativno;Ne
791;1,0;-67,7;7,24;5,44;Negativno;Ne
792;12,9;-50,6;6,85;4,13;Negativno;Ne
793;6,4;-67,1;7,32;0,3;Negativno;Da
794;1,7;-74,3;7,09;2,19;Negativno;Ne
795;5,7;-45,1;6,95;4,2;Negativno;Ne
796;12,0;-35,3;7,77;4,25;Negativno;Ne
797;10,2;-48,6;6,79;2,64;Pozitivno;Ne
798;8,8;-62,6;6,23;1,93;Negativno;Ne
799;7,1;-35,2;6,77;5,28;Negativno;Ne
800;12,4;-43,9;6,81;4,24;Pozitivno;Ne
801;14,0;-44,9;7,14;4,14;Negativno;Ne
802;3,6;-30,1;6,64;2,53;Negativno;Ne
803;9,3;-49,0;6,37;0,31;Negativno;Ne
804;8,0;-99,6;7,89;2,08;Negativno;Ne
805;6,1;-36,0;7,72;5,27;Negativno;Ne
806;4,0;-48,1;7,37;3,32;Negativno;Ne
807;5,9;-43,7;7,51;3,81;Negativno;Ne
808;10,7;-9,2;6,53;4,215221911125287;Pozitivno;Da
809;5,9;-70,1;7,61;5,68;Negativno;Ne
810;8,3;-75,8;6,2;2,68;Negativno;Ne
811;13,8;-42,6;7,7;5,68;Negativno;Ne
812;2,4;-51,3;7,33;3,68;Negativno;Ne
813;10,4;-68,8;8,16;2,52;Negativno;Ne
814;11,0;-43,3;6,16;2,12;Negativno;Ne
815;4,5;-41,0;6,3;2,42;Negativno;Ne
816;1,2;-52,7;6,92;2,84;Negativno;Ne
817;3,2;-54,5;6,89;0,65;Negativno;Ne
818;11,4;-54,3;7,63;0,53;Negativno;Ne
819;1,6;-36,2;6,09;0,75;Negativno;Ne
820;9,6;-51,8;6,86;5,09;Negativno;Ne
821;10,5;-49,9;6,4;5,81;Negativno;Ne
822;2,8;-35,0;7,04;1,2;Negativno;Ne
823;11,1;-41,2;6,43;4,38;Negativno;Ne
824;0,5;-48,8;7,27;4,08;Negativno;Ne
825;13,7;-28,2;7,81;5,24;Negativno;Ne
826;0,6;-57,5;6,64;3,46;Pozitivno;Ne
827;6,3;-58,8;7,46;4,59;Negativno;Ne
828;12,9;-53,9;7,21;5,08;Pozitivno;Da
829;2,8;-15,6;6,94;6,816143493606864;Pozitivno;Da
830;3,1;-64,2;6,4;2,14;Negativno;Ne
831;13,2;-70,6;7,24;3,29;Negativno;Ne
832;4,2;-8,2;7,21;7,616143493606864;Pozitivno;Da
833;9,8;-44,6;7,8;1,04;Negativno;Ne
834;12,6;-55,6;7,12;4,93;Negativno;Ne
835;0,1;-82,0;6,96;3,04;Negativno;Ne
836;11,1;-50,4;7,48;2,98;Negativno;Ne
837;12,6;-58,5;6,38;2,94;Negativno;Ne
838;2,3;-54,0;6,5;3,09;Negativno;Ne
839;13,0;-43,9;6,51;1,44;Negativno;Ne
840;0,1;-56,0;6,6;4,21;Negativno;Ne
841;7,5;-72,9;6,28;0,9;Negativno;Ne
842;9,6;-6,3;7,9;8,928342794775356;Pozitivno;Da
843;1,6;-59,2;7,79;4,03;Negativno;Ne
844;9,8;-60,7;6,75;4,63;Negativno;Ne
845;2,0;-71,1;5,7;0,15;Negativno;Ne
846;13,3;-29,2;6,66;5,61;Negativno;Ne
847;13,4;-6,8;7,33;4,205221911125287;Pozitivno;Da
848;7,5;-27,0;7,22;5,16;Negativno;Ne
849;8,4;-44,8;6,87;1,29;Negativno;Ne
850;7,7;-41,1;6,96;2,06;Negativno;Ne
851;2,3;-44,5;7,47;1,0;Negativno;Ne
852;11,7;-22,5;6,28;0,82;Negativno;Da
853;0,2;-36,0;6,89;4,96;Negativno;Ne
854;10,6;-76,6;6,57;2,17;Negativno;Ne
855;1,9;-57,6;7,43;0,64;Negativno;Ne
856;2,0;-34,8;7,28;5,0;Negativno;Ne
857;13,4;-49,0;6,67;5,94;Negativno;Ne
858;12,1;-80,4;7,7;0,53;Pozitivno;Ne
859;4,6;-77,0;6,92;3,46;Negativno;Ne
860;7,4;-50,6;8,01;2,62;Negativno;Ne
861;7,7;-32,0;6,97;1,58;Negativno;Ne
862;6,1;-21,4;6,74;3,3;Negativno;Ne
863;8,4;-39,8;7,03;0,76;Negativno;Ne
864;6,3;-50,1;6,9;5,06;Negativno;Ne
865;8,8;-48,7;6,01;0,91;Negativno;Ne
866;8,9;-51,9;6,79;0,22;Negativno;Ne
867;11,1;-9,9;6,59;10,015747029839563;Pozitivno;Da
868;12,2;-47,5;7,62;4,07;Negativno;Ne
869;4,7;-17,3;7,25;2,45;Negativno;Ne
870;6,1;-42,6;7,19;2,06;Negativno;Ne
871;8,0;-40,9;6,42;3,31;Pozitivno;Ne
872;2,1;-53,5;5,35;3,74;Negativno;Ne
873;3,5;-75,2;6,12;5,46;Negativno;Ne
874;10,5;-59,8;7,72;5,03;Negativno;Ne
875;3,3;-54,5;6,34;0,58;Negativno;Ne
876;3,2;-53,8;6,61;2,58;Negativno;Ne
877;0,8;-25,6;7,89;0,24;Negativno;Ne
878;6,8;-30,4;4,62;2,33;Negativno;Ne
879;8,7;-54,0;7,56;1,68;Negativno;Ne
880;13,8;-63,1;7,19;5,09;Negativno;Ne
881;9,7;-23,7;7,02;5,4;Negativno;Ne
882;10,3;-47,7;6,86;3,83;Negativno;Ne
883;10,3;-72,3;6,43;4,95;Negativno;Ne
884;11,3;-67,9;7,15;4,99;Negativno;Ne
885;2,9;-46,5;6,98;5,21;Negativno;Ne
886;0,5;-55,8;7,1;2,84;Negativno;Ne
887;14,9;-20,3;7,01;5,37;Negativno;Ne
888;8,9;-42,4;6,99;1,96;Negativno;Ne
889;14,6;-56,5;7,08;1,06;Pozitivno;Ne
890;12,3;-58,4;7,08;0,14;Negativno;Ne
891;11,6;-9,6;6,92;8,395221911125287;Pozitivno;Da
892;11,9;-24,0;6,45;2,08;Negativno;Ne
893;11,6;-39,2;7,29;1,05;Negativno;Ne
894;8,4;-52,1;6,46;0,22;Negativno;Ne
895;9,7;-42,9;6,56;2,53;Negativno;Ne
896;1,6;-101,3;7,25;2,2;Negativno;Ne
897;4,7;-50,6;7,37;3,01;Negativno;Ne
898;13,9;-70,8;7,15;3,62;Negativno;Ne
899;6,1;-49,4;6,89;5,01;Negativno;Ne
900;5,0;-59,8;7,63;4,65;Negativno;Ne
901;8,6;-49,7;6,95;4,29;Negativno;Ne
902;3,7;-34,5;7,06;0,17;Negativno;Ne
903;5,6;-8,1;7,74;6,2961434936068645;Pozitivno;Da
904;13,0;-42,3;7,89;5,01;Negativno;Ne
905;13,8;-73,4;6,81;5,48;Negativno;Ne
906;11,2;-46,1;7,9;1,46;Negativno;Ne
907;12,9;-58,4;7,35;5,8;Negativno;Ne
908;6,6;-33,5;6,33;4,75;Negativno;Ne
909;0,4;-41,2;7,21;2,15;Negativno;Da
910;12,6;-46,5;7,39;3,86;Pozitivno;Ne
911;5,8;-14,4;6,82;4,16;Negativno;Ne
912;4,6;-26,5;7,3;0,85;Negativno;Ne
913;7,8;-57,6;6,82;4,28;Negativno;Ne
914;8,2;-12,8;6,7;4,556143493606864;Pozitivno;Da
915;4,2;-46,8;7,18;5,97;Negativno;Ne
916;11,3;-57,5;6,79;0,22;Negativno;Ne
917;8,9;-57,5;7,61;5,34;Negativno;Da
918;2,0;-21,5;7,84;4,46;Negativno;Ne
919;4,5;-54,8;7,46;4,52;Negativno;Ne
920;13,3;-51,9;7,38;1,87;Negativno;Ne
921;14,5;-37,5;7,02;0,88;Negativno;Ne
922;2,9;-70,0;7,69;5,97;Negativno;Ne
923;3,0;-48,2;6,92;2,14;Negativno;Ne
924;4,7;-68,1;6,9;2,99;Negativno;Ne
925;2,6;-55,5;7,71;4,38;Negativno;Ne
926;13,5;-61,1;6,85;0,5;Negativno;Ne
927;8,9;-60,1;7,57;2,0;Negativno;Ne
928;13,4;-44,4;7,51;5,67;Negativno;Ne
929;3,2;-60,5;6,55;0,46;Negativno;Ne
930;1,7;-52,5;7,33;3,47;Negativno;Ne
931;4,8;-43,2;6,64;1,33;Negativno;Ne
932;8,0;-62,1;6,12;3,57;Negativno;Ne
933;5,0;-64,8;6,78;4,67;Negativno;Ne
934;15,0;-16,6;6,84;1,72;Negativno;Ne
935;14,1;-23,1;7,13;2,72;Negativno;Ne
936;6,8;-78,8;7,22;4,85;Negativno;Ne
937;7,0;-64,3;6,67;2,69;Negativno;Ne
938;9,5;-46,6;6,57;5,38;Negativno;Ne
939;7,5;-15,6;6,7;6,785221911125287;Pozitivno;Da
940;8,8;-61,8;7,13;2,08;Negativno;Ne
941;2,9;-61,7;6,55;0,24;Negativno;Ne
942;8,2;-44,7;7,1;0,86;Negativno;Ne
943;4,9;-57,5;7,74;1,86;Negativno;Ne
944;7,0;-49,9;6,81;4,83;Pozitivno;Ne
945;8,9;-43,0;6,68;0,55;Negativno;Ne
946;8,3;-71,3;6,68;2,84;Pozitivno;Ne
947;8,2;-35,5;6,52;4,04;Negativno;Ne
948;6,8;-38,0;7,6;2,18;Negativno;Da
949;1,2;-33,2;6,08;1,95;Negativno;Ne
950;1,8;-38,1;7,23;5,73;Negativno;Ne
951;6,5;-50,3;7,41;1,58;Negativno;Ne
952;9,6;-30,3;7,07;4,64;Negativno;Ne
953;12,3;-52,9;7,29;3,15;Negativno;Ne
954;10,8;-43,0;7,23;1,38;Negativno;Ne
955;10,6;-52,4;7,01;5,71;Pozitivno;Ne
956;12,2;-65,4;6,84;4,15;Negativno;Ne
957;11,5;-47,9;7,23;2,49;Pozitivno;Ne
958;12,0;-55,4;6,56;1,96;Negativno;Ne
959;0,4;-64,2;7,43;4,24;Negativno;Ne
960;7,6;-23,3;6,16;3,44;Pozitivno;Ne
961;11,4;-60,2;6,34;4,53;Negativno;Ne
962;4,8;-83,6;6,85;3,79;Negativno;Ne
963;12,6;-42,5;6,2;4,48;Negativno;Ne
964;14,0;-52,7;7,03;2,54;Negativno;Ne
965;0,9;-62,4;6,77;5,32;Negativno;Ne
966;0,4;-37,6;7,01;5,76;Negativno;Ne
967;1,7;-65,7;7,2;2,35;Pozitivno;Da
968;13,4;-44,3;6,62;3,38;Negativno;Ne
969;11,8;-73,9;6,61;5,43;Negativno;Ne
970;3,7;-49,8;7,33;3,97;Negativno;Ne
971;14,2;-48,8;7,24;2,13;Negativno;Ne
972;5,7;-44,3;7,22;0,55;Negativno;Ne
973;11,5;-54,8;6,52;1,93;Negativno;Ne
974;8,5;-53,9;6,75;2,72;Negativno;Ne
975;3,5;-46,8;6,54;3,06;Negativno;Ne
976;4,8;-37,9;6,99;5,4;Negativno;Ne
977;4,6;-47,0;7,09;5,38;Negativno;Ne
978;5,6;-54,6;7,39;0,16;Negativno;Ne
979;11,7;-54,5;7,29;4,72;Negativno;Ne
980;13,3;-61,8;7,22;3,6;Negativno;Da
981;1,1;-36,2;6,88;4,33;Negativno;Ne
982;6,2;-53,2;6,37;5,91;Negativno;Ne
983;3,7;-66,7;7,16;2,65;Pozitivno;Ne
984;3,6;-58,5;8,09;3,75;Pozitivno;Ne
985;4,9;-66,8;6,36;1,71;Negativno;Ne
986;7,3;-36,8;6,31;0,79;Negativno;Ne
987;5,7;-12,9;7,43;1,95;Negativno;Ne
988;5,2;-46,1;6,7;0,41;Pozitivno;Ne
989;4,1;-44,5;6,76;4,68;Negativno;Ne
990;13,1;-77,1;6,97;4,63;Negativno;Ne
991;12,9;-48,8;6,79;4,2;Negativno;Ne
992;1,8;-54,1;7,02;4,46;Negativno;Ne
993;9,0;-43,4;6,85;4,21;Negativno;Da
994;9,4;-66,5;6,66;1,51;Negativno;Ne
995;0,7;-51,0;7,38;0,63;Negativno;Ne
996;3,3;-46,4;6,7;5,46;Negativno;Ne
997;14,6;-48,4;7,11;3,77;Negativno;Ne
998;5,7;-44,9;6,87;0,51;Negativno;Ne
999;10,8;-53,3;6,95;2,95;Negativno;Ne
1000;2,8;-61,8;6,08;1,42;Negativno;Ne
1001;7,9;-42,4;6,71;1,98;Negativno;Ne
1002;9,3;-60,2;6,35;5,14;Negativno;Ne
1003;14,3;-67,4;8,36;4,47;Negativno;Ne
1004;14,0;-70,3;7,7;2,86;Negativno;Ne
1005;8,1;-80,1;6,77;5,22;Negativno;Ne
1006;10,1;-59,2;6,96;5,42;Negativno;Ne
1007;12,3;-34,7;7,56;1,3;Negativno;Ne
1008;14,9;-43,8;6,8;3,23;Negativno;Ne
1009;3,6;-44,0;7,35;2,39;Negativno;Ne
1010;9,7;-41,9;6,7;5,16;Negativno;Ne
1011;5,0;-91,5;7,55;2,53;Pozitivno;Ne
1012;8,6;-51,6;7,77;2,85;Negativno;Ne
1013;13,2;-15,0;6,83;5,14;Pozitivno;Ne
1014;14,6;-7,0;6,41;3,61;Pozitivno;Ne
1015;14,4;-38,2;7,44;4,89;Negativno;Ne
1016;8,1;-46,9;5,91;0,11;Negativno;Ne
1017;6,1;-52,9;6,97;4,31;Negativno;Ne
1018;13,4;-63,8;8,14;2,06;Negativno;Ne
1019;4,8;-52,8;6,54;5,23;Pozitivno;Ne
1020;12,2;-36,5;7,36;1,21;Negativno;Ne
1021;14,8;-75,7;6,45;2,23;Negativno;Ne
1022;1,3;-27,5;6,95;0,85;Negativno;Ne
1023;5,6;-62,8;7,06;5,17;Negativno;Ne
1024;14,0;-38,5;7,07;2,1;Negativno;Ne
1025;12,7;-63,2;7,29;4,93;Negativno;Ne
1026;8,2;-39,2;7,3;0,11;Negativno;Ne
1027;12,9;-48,0;6,92;4,5;Negativno;Ne
1028;7,3;-61,7;7,71;1,91;Negativno;Ne
1029;4,4;-30,6;7,22;1,98;Negativno;Ne
1030;8,3;-42,7;7,87;4,71;Negativno;Ne
1031;8,1;-18,8;7,91;9,646143493606864;Pozitivno;Da
1032;0,4;-41,6;6,6;1,35;Negativno;Da
1033;5,5;-67,9;6,59;5,03;Negativno;Ne
1034;11,0;-50,9;8,63;0,7;Negativno;Ne
1035;14,8;-60,4;7,26;4,51;Negativno;Da
1036;11,2;-63,9;7,54;5,18;Pozitivno;Ne
1037;5,8;-68,8;6,0;5,73;Negativno;Ne
1038;12,2;-35,6;7,35;5,98;Negativno;Ne
1039;1,7;-59,7;7,14;3,69;Negativno;Ne
1040;9,3;-53,6;6,94;3,31;Negativno;Ne
1041;4,4;-35,6;7,15;3,14;Pozitivno;Ne
1042;7,8;-38,7;6,27;5,15;Negativno;Ne
1043;7,0;-54,0;7,38;3,38;Negativno;Ne
1044;11,1;-59,7;6,52;5,63;Pozitivno;Ne
1045;7,2;-43,4;6,74;0,61;Negativno;Ne
1046;8,3;-43,9;7,38;5,24;Negativno;Ne
1047;8,5;-29,5;7,67;1,97;Negativno;Ne
1048;7,2;-68,2;7,12;1,54;Pozitivno;Ne
1049;6,1;-46,9;7,05;0,17;Negativno;Ne
1050;1,2;-37,1;7,71;2,7;Negativno;Ne
1051;13,3;-51,7;8,11;3,48;Negativno;Ne
1052;3,7;-55,0;7,24;2,42;Negativno;Ne
1053;12,5;-61,2;7,1;4,07;Negativno;Ne
1054;7,7;-55,7;6,85;4,38;Negativno;Ne
1055;4,3;-45,6;6,77;5,49;Negativno;Ne
1056;1,9;-63,9;6,66;1,1;Negativno;Ne
1057;2,4;-42,4;7,02;1,32;Negativno;Ne
1058;13,1;-42,1;7,62;0,13;Negativno;Ne
1059;12,5;-56,3;5,88;4,29;Negativno;Ne
1060;6,0;-29,2;6,67;1,73;Negativno;Ne
1061;11,0;-36,9;6,62;1,98;Negativno;Ne
1062;1,6;-67,8;6,84;1,94;Negativno;Ne
1063;6,2;-40,6;7,91;1,03;Negativno;Ne
1064;8,1;-51,4;6,57;0,8;Negativno;Ne
1065;1,7;-22,6;6,45;5,03;Negativno;Ne
1066;7,9;-39,1;7,12;1,29;Negativno;Ne
1067;1,0;-62,9;6,11;1,47;Negativno;Ne
1068;6,7;-57,3;5,88;2,1;Negativno;Ne
1069;1,6;-74,9;6,76;5,51;Negativno;Ne
1070;12,7;-65,8;6,71;4,95;Negativno;Ne
1071;2,5;-54,4;7,2;1,83;Negativno;Ne
1072;8,6;-31,0;7,3;5,04;Negativno;Ne
1073;0,3;-31,2;7,45;2,94;Negativno;Ne
1074;8,3;-78,6;6,89;1,62;Negativno;Ne
1075;9,0;-74,8;7,44;0,98;Pozitivno;Ne
1076;3,8;-57,4;6,05;1,01;Negativno;Ne
1077;3,7;-27,6;6,62;4,38;Negativno;Ne
1078;1,5;-57,2;6,64;3,79;Negativno;Ne
1079;4,2;-71,6;7,21;0,62;Negativno;Ne
1080;6,4;-15,9;6,29;2,2;Negativno;Ne
1081;3,7;-71,5;8,12;2,72;Negativno;Ne
1082;9,4;-62,5;6,66;5,35;Negativno;Ne
1083;4,7;-22,3;6,14;5,57;Negativno;Ne
1084;11,4;-56,5;6,32;4,38;Negativno;Ne
1085;1,2;-8,7;6,43;5,63;Negativno;Ne
1086;9,7;-62,7;7,03;1,81;Negativno;Ne
1087;12,8;-32,3;6,98;1,54;Negativno;Ne
1088;12,7;-52,9;8,1;5,0;Negativno;Ne
1089;2,5;-62,8;6,51;5,27;Pozitivno;Ne
1090;10,6;-60,9;7,17;1,25;Negativno;Ne
1091;5,4;-63,0;7,17;5,89;Negativno;Ne
1092;8,4;-67,1;7,63;0,73;Negativno;Ne
1093;12,6;-48,3;7,22;2,17;Negativno;Ne
1094;9,9;-50,6;7,62;5,39;Negativno;Ne
1095;6,2;-40,2;7,6;1,76;Pozitivno;Ne
1096;4,1;-31,5;6,93;3,85;Negativno;Ne
1097;3,7;-34,4;7,18;0,97;Negativno;Ne
1098;9,6;-54,4;7,35;5,15;Negativno;Ne
1099;12,1;-67,0;7,55;5,37;Negativno;Ne
1100;13,0;-43,1;6,77;5,69;Negativno;Da
1101;9,4;-55,9;7,86;3,85;Negativno;Ne
1102;6,4;-44,8;7,02;3,31;Pozitivno;Ne
1103;4,6;-55,1;7,04;0,53;Negativno;Ne
1104;7,2;-34,6;6,72;2,4;Negativno;Ne
1105;2,8;-46,5;6,96;2,16;Negativno;Ne
1106;13,2;-17,7;7,01;1,12;Negativno;Ne
1107;11,7;-47,3;6,94;5,44;Negativno;Ne
1108;0,2;-45,7;7,55;2,08;Negativno;Ne
1109;8,6;-58,8;7,71;3,76;Negativno;Ne
1110;11,3;-50,2;6,63;2,61;Negativno;Ne
1111;4,5;-51,2;7,17;5,83;Negativno;Ne
1112;2,3;-76,8;7,69;2,42;Negativno;Ne
1113;6,3;-55,0;7,04;5,7;Negativno;Ne
1114;2,6;-67,1;7,01;1,62;Negativno;Ne
1115;4,6;-79,0;7,2;3,35;Negativno;Ne
1116;0,4;-48,4;6,76;5,38;Negativno;Da
1117;1,8;-51,0;7,3;4,55;Negativno;Ne
1118;9,1;-45,0;7,28;2,51;Negativno;Ne
1119;4,8;-54,7;8,42;5,24;Negativno;Ne
1120;9,2;-75,9;7,81;5,58;Negativno;Ne
1121;12,7;-53,7;7,64;3,03;Negativno;Ne
1122;13,5;-16,1;6,96;7,065747029839563;Pozitivno;Da
1123;0,2;-57,9;6,87;2,04;Negativno;Ne
1124;3,8;-61,4;7,37;2,54;Negativno;Da
1125;11,4;-33,1;7,07;1,52;Negativno;Ne
1126;1,0;-59,1;6,57;5,32;Negativno;Da
1127;11,8;-29,0;8,31;3,23;Negativno;Ne
1128;9,6;-79,1;6,58;3,59;Negativno;Ne
1129;3,9;-21,3;7,47;2,96;Negativno;Ne
1130;11,5;-29,8;6,56;0,62;Negativno;Ne
1131;9,8;-39,4;7,67;1,0;Negativno;Da
1132;6,8;-16,5;6,57;6,895747029839563;Pozitivno;Da
1133;8,8;-42,3;6,45;4,33;Negativno;Ne
1134;12,5;-43,6;6,52;3,05;Negativno;Ne
1135;10,3;-58,4;6,2;5,25;Negativno;Ne
1136;4,0;-49,3;7,26;1,22;Negativno;Ne
1137;1,1;-50,2;6,74;2,74;Negativno;Ne
1138;5,4;-31,6;7,12;4,57;Negativno;Ne
1139;10,4;-29,9;7,37;2,24;Negativno;Ne
1140;3,1;-30,8;7,74;3,0;Negativno;Ne
1141;9,3;-26,4;6,7;4,53;Negativno;Ne
1142;6,7;-29,2;7,28;4,5;Negativno;Ne
1143;14,3;-77,4;6,62;4,96;Negativno;Ne
1144;2,7;-69,1;7,55;3,16;Negativno;Ne
1145;5,0;-69,9;6,77;0,59;Pozitivno;Ne
1146;8,2;-76,2;7,99;3,83;Negativno;Ne
1147;7,7;-59,4;6,03;3,66;Negativno;Ne
1148;5,0;-39,9;6,57;0,4;Negativno;Ne
1149;4,1;-49,3;6,97;3,4;Negativno;Ne
1150;12,2;-63,1;7,94;2,07;Negativno;Ne
1151;3,5;-24,6;7,21;4,96;Negativno;Ne
1152;13,8;-63,2;7,14;1,3;Negativno;Ne
1153;1,8;-57,5;7,32;4,6;Negativno;Ne
1154;1,0;-14,6;7,21;9,785747029839563;Pozitivno;Da
1155;5,7;-50,4;6,37;3,05;Negativno;Ne
1156;2,3;-73,4;7,07;3,0;Negativno;Ne
1157;8,0;-44,1;7,29;1,28;Negativno;Ne
1158;6,7;-45,1;6,37;3,3;Negativno;Ne
1159;12,9;-24,3;6,82;5,04;Negativno;Ne
1160;3,4;-58,4;6,81;1,2;Negativno;Ne
1161;13,7;-34,7;6,79;2,2;Negativno;Ne
1162;10,1;-47,2;7,81;1,42;Negativno;Ne
1163;6,8;-42,4;6,21;3,48;Negativno;Ne
1164;12,1;-50,9;7,62;0,85;Negativno;Ne
1165;12,6;-80,8;6,36;5,65;Negativno;Ne
1166;0,8;-34,9;7,17;2,35;Negativno;Ne
1167;4,3;-40,3;6,35;5,89;Negativno;Ne
1168;5,7;-21,1;7,42;5,62;Pozitivno;Ne
1169;12,7;-70,6;7,35;0,11;Negativno;Ne
1170;11,9;-55,3;7,44;1,11;Pozitivno;Ne
1171;7,9;-69,8;7,95;4,04;Pozitivno;Ne
1172;9,0;-41,7;7,6;0,75;Negativno;Ne
1173;4,1;-55,3;6,21;1,86;Negativno;Ne
1174;1,9;-43,4;6,18;2,75;Negativno;Ne
1175;11,0;-58,5;6,84;3,39;Negativno;Ne
1176;5,5;-53,1;7,09;0,63;Negativno;Ne
1177;6,7;-40,0;7,52;5,89;Negativno;Ne
1178;12,2;-48,2;6,8;4,04;Negativno;Ne
1179;6,8;-69,3;5,73;4,84;Negativno;Ne
1180;7,0;-33,3;6,73;1,61;Negativno;Ne
1181;14,9;-48,9;6,52;4,39;Pozitivno;Ne
1182;11,1;-47,8;6,44;1,94;Negativno;Da
1183;0,4;-45,2;7,01;3,24;Negativno;Da
1184;9,0;-7,4;7,19;11,085747029839563;Pozitivno;Da
1185;7,0;-40,9;7,19;4,89;Negativno;Ne
1186;5,1;-59,2;5,74;3,64;Negativno;Ne
1187;11,6;-30,9;7,01;1,7;Negativno;Ne
1188;14,0;-56,1;7,23;4,52;Negativno;Ne
1189;3,3;-59,5;6,47;5,78;Negativno;Ne
1190;11,8;-57,9;7,69;5,86;Negativno;Ne
1191;7,7;-45,5;7,18;1,62;Negativno;Ne
1192;6,0;-60,5;8,03;4,1;Negativno;Ne
1193;10,2;-23,4;7,2;4,8;Negativno;Ne
1194;5,7;-46,4;6,67;3,1;Negativno;Ne
1195;7,9;-26,1;7,16;5,33;Negativno;Ne
1196;11,3;-50,3;6,22;3,71;Negativno;Ne
1197;4,0;-42,0;5,85;3,55;Negativno;Ne
1198;4,6;-41,6;6,9;1,49;Negativno;Ne
1199;7,7;-72,4;6,61;4,43;Negativno;Ne
1200;14,6;-59,6;6,99;0,94;Negativno;Ne
1201;6,5;-82,6;6,44;0,86;Negativno;Ne
1202;1,6;-48,5;7,22;1,12;Negativno;Ne
1203;1,4;-23,5;7,43;1,1;Negativno;Ne
1204;12,0;-42,6;7,54;5,44;Negativno;Ne
1205;14,9;-34,1;7,29;5,84;Negativno;Ne
1206;5,1;-35,5;7,02;2,42;Negativno;Ne
1207;8,6;-26,4;7,48;3,18;Negativno;Ne
1208;13,1;-57,3;6,89;5,58;Negativno;Ne
1209;2,3;-48,9;6,99;0,76;Negativno;Ne
1210;1,4;-54,2;7,57;3,63;Negativno;Ne
1211;10,7;-50,2;6,26;5,44;Negativno;Ne
1212;1,8;-43,2;6,74;4,78;Negativno;Ne
1213;12,7;-55,8;7,15;0,36;Negativno;Ne
1214;9,5;-47,8;6,83;4,71;Negativno;Da
1215;11,8;-74,8;7,34;2,61;Negativno;Ne
1216;11,5;-65,0;6,93;1,28;Pozitivno;Ne
1217;6,1;-32,5;7,23;1,53;Negativno;Ne
1218;10,6;-27,5;6,1;2,83;Pozitivno;Ne
1219;6,1;-51,9;7,59;2,27;Negativno;Ne
1220;7,2;-79,0;7,11;5,51;Negativno;Ne
1221;5,3;-15,5;7,11;6,488342794775356;Pozitivno;Da
1222;9,0;-17,6;7,36;5,655221911125286;Pozitivno;Da
1223;3,5;-22,0;6,44;4,34;Negativno;Ne
1224;2,3;-41,3;7,88;2,07;Negativno;Ne
1225;14,4;-8,2;7,25;11,188342794775355;Pozitivno;Da
1226;7,2;-61,2;6,59;4,08;Negativno;Ne
1227;14,2;-35,0;6,32;3,96;Negativno;Ne
1228;14,7;-70,7;7,07;0,41;Negativno;Ne
1229;2,0;-40,3;6,54;2,01;Pozitivno;Ne
1230;8,2;-25,3;7,17;4,63;Negativno;Ne
1231;0,2;-31,6;7,53;3,85;Negativno;Ne
1232;6,6;-59,0;7,31;2,09;Negativno;Ne
1233;10,3;-22,3;7,51;4,37;Negativno;Ne
1234;13,1;-78,7;7,18;5,3;Negativno;Ne
1235;1,9;-49,2;6,97;0,73;Negativno;Ne
1236;7,7;-37,6;7,77;2,37;Negativno;Ne
1237;7,4;-40,5;6,89;5,6;Negativno;Ne
1238;9,1;-66,9;6,93;2,08;Negativno;Ne
1239;13,6;-54,5;6,68;0,83;Negativno;Ne
1240;2,1;-61,8;6,84;4,87;Negativno;Ne
1241;0,4;-66,6;7,24;2,29;Negativno;Ne
1242;7,6;-52,3;6,51;5,49;Negativno;Ne
1243;1,2;-60,9;7,13;5,14;Negativno;Ne
1244;5,5;-50,0;6,99;0,62;Negativno;Ne
1245;6,3;-72,6;7,76;2,82;Negativno;Ne
1246;1,3;-23,5;6,63;5,2;Pozitivno;Ne
1247;10,6;-48,5;6,6;1,86;Negativno;Ne
1248;14,9;-79,5;6,98;5,01;Negativno;Ne
1249;10,1;-47,2;6,93;3,62;Negativno;Ne
1250;0,8;-36,4;7,99;3,98;Negativno;Ne
1251;3,3;-34,9;7,3;5,61;Negativno;Ne
1252;4,1;-27,1;6,41;1,24;Negativno;Ne
1253;0,6;-72,5;6,73;1,72;Negativno;Ne
1254;9,8;-17,3;6,64;4,575221911125286;Pozitivno;Da
1255;11,0;-61,2;7,5;0,57;Pozitivno;Ne
1256;2,1;-55,1;6,61;3,39;Negativno;Ne
1257;3,2;-80,1;6,45;0,9;Negativno;Ne
1258;2,1;-40,1;8,31;0,71;Negativno;Ne
1259;4,2;-34,2;6,14;2,99;Negativno;Ne
1260;1,6;-39,1;6,72;0,13;Negativno;Ne
1261;7,5;-59,3;6,11;4,4;Negativno;Ne
1262;5,0;-10,7;6,64;8,658342794775356;Pozitivno;Da
1263;7,2;-37,2;7,75;0,21;Negativno;Ne
1264;13,6;-8,7;7,01;6,655747029839563;Pozitivno;Da
1265;14,6;-68,6;5,59;0,16;Negativno;Ne
1266;10,6;-37,2;7,12;0,82;Negativno;Ne
1267;4,1;-55,3;7,64;0,22;Pozitivno;Ne
1268;2,6;-44,5;7,53;0,35;Pozitivno;Ne
1269;14,7;-80,7;7,27;3,55;Negativno;Ne
1270;2,2;-82,9;6,94;0,92;Negativno;Ne
1271;3,2;-33,8;7,08;2,96;Pozitivno;Ne
1272;14,6;-61,3;6,91;5,55;Negativno;Ne
1273;1,2;-38,7;7,49;0,17;Negativno;Ne
1274;11,3;-36,6;7,54;1,7;Negativno;Ne
1275;8,4;-76,5;6,63;2,91;Negativno;Ne
1276;13,7;-52,1;7,3;3,34;Negativno;Ne
1277;10,7;-39,2;6,58;0,54;Negativno;Ne
1278;12,0;-44,0;6,36;3,38;Pozitivno;Ne
1279;3,7;-63,6;6,71;4,09;Negativno;Ne
1280;5,1;-65,2;7,12;4,72;Negativno;Ne
1281;3,0;-45,5;6,74;5,39;Negativno;Ne
1282;2,3;-54,5;7,1;1,02;Negativno;Ne
1283;13,2;-48,1;7,32;0,28;Negativno;Ne
1284;4,6;-60,9;7,45;2,72;Pozitivno;Ne
1285;9,2;-78,5;7,09;1,78;Negativno;Ne
1286;6,4;-63,6;7,05;0,8;Negativno;Ne
1287;11,4;-55,4;7,79;4,02;Negativno;Ne
1288;2,2;-39,9;6,94;2,48;Negativno;Ne
1289;1,2;-71,8;7,57;4,18;Negativno;Ne
1290;9,1;-56,1;7,07;3,43;Negativno;Ne
1291;14,2;-49,1;7,14;4,65;Negativno;Da
1292;6,1;-48,7;7,45;5,8;Negativno;Ne
1293;11,0;-6,5;6,64;6,775747029839563;Pozitivno;Da
1294;14,2;-75,2;6,98;4,29;Negativno;Ne
1295;7,3;-45,2;6,46;0,55;Negativno;Ne
1296;1,4;-29,5;7,7;5,73;Negativno;Ne
1297;0,4;-80,3;6,94;1,57;Negativno;Ne
1298;8,3;-30,2;6,52;2,27;Negativno;Ne
1299;13,9;-38,8;6,53;1,46;Negativno;Ne
1300;6,5;-27,9;6,9;4,85;Negativno;Ne
1301;9,8;-48,3;7,69;1,34;Negativno;Ne
1302;4,0;-43,5;7,11;3,2;Negativno;Ne
1303;12,2;-61,6;6,03;3,41;Negativno;Ne
1304;9,9;-68,4;6,99;3,37;Negativno;Ne
1305;13,0;-49,8;7,38;2,12;Negativno;Ne
1306;9,5;-59,4;6,64;0,54;Negativno;Ne
1307;2,3;-54,7;7,45;4,12;Negativno;Ne
1308;10,9;-37,0;7,94;1,73;Negativno;Ne
1309;12,3;-40,8;6,51;5,42;Negativno;Ne
1310;5,8;-72,7;7,25;2,51;Negativno;Ne
1311;13,6;-35,8;5,95;1,25;Negativno;Ne
1312;7,8;-46,9;6,73;3,25;Negativno;Ne
1313;8,0;-52,3;6,82;1,82;Negativno;Ne
1314;10,7;-44,5;6,24;2,18;Negativno;Ne
1315;4,7;-41,0;6,61;3,44;Negativno;Ne
1316;6,9;-48,8;7,0;1,97;Negativno;Da
1317;5,7;-29,6;6,5;0,62;Negativno;Ne
1318;6,4;-36,8;6,86;3,6;Negativno;Ne
1319;8,8;-60,3;6,96;5,5;Negativno;Ne
1320;8,2;-55,3;6,15;2,54;Negativno;Ne
1321;12,8;-49,3;6,83;5,43;Negativno;Ne
1322;11,2;-37,3;8,11;3,22;Negativno;Ne
1323;14,5;-69,5;7,78;1,17;Negativno;Ne
1324;5,0;-68,5;6,87;1,72;Negativno;Ne
1325;13,2;-30,3;7,14;3,67;Negativno;Ne
1326;6,0;-62,4;6,78;5,65;Pozitivno;Ne
1327;5,4;-43,6;7,4;0,36;Negativno;Ne
1328;5,4;-49,2;7,06;2,51;Negativno;Ne
1329;12,8;-61,6;7,33;1,16;Negativno;Ne
1330;1,1;-46,1;6,85;1,62;Negativno;Ne
1331;0,7;-10,1;7,46;1,82;Negativno;Ne
1332;4,5;-50,6;7,66;0,88;Negativno;Ne
1333;3,9;-41,9;7,08;5,02;Negativno;Ne
1334;8,5;-45,7;7,3;5,17;Negativno;Ne
1335;13,9;-52,2;6,2;2,5;Negativno;Ne
1336;8,4;-59,1;8,53;2,04;Negativno;Ne
1337;5,8;-5,5;7,6;8,988342794775356;Pozitivno;Da
1338;10,5;-64,6;6,56;5,77;Negativno;Ne
1339;12,4;-69,2;6,41;3,75;Negativno;Ne
1340;7,2;-35,4;6,5;1,64;Negativno;Ne
1341;14,1;-43,6;6,9;4,62;Pozitivno;Ne
1342;14,8;-72,3;6,82;1,99;Negativno;Ne
1343;6,2;-57,9;6,94;1,33;Negativno;Ne
1344;13,3;-48,5;6,54;1,17;Negativno;Ne
1345;2,2;-37,6;6,45;4,18;Negativno;Ne
1346;3,4;-22,9;7,25;3,56;Negativno;Ne
1347;10,3;-54,6;6,9;3,06;Negativno;Ne
1348;0,4;-64,1;6,72;3,67;Negativno;Ne
1349;8,9;-37,0;6,26;4,27;Negativno;Ne
1350;5,5;-20,1;7,29;2,31;Negativno;Ne
1351;1,3;-67,2;7,95;4,95;Negativno;Ne
1352;7,3;-62,3;7,06;5,91;Negativno;Ne
1353;12,8;-10,8;7,75;5,03;Negativno;Ne
1354;7,3;-54,4;7,02;1,77;Negativno;Ne
1355;8,4;-28,5;6,87;1,33;Pozitivno;Ne
1356;6,6;-50,0;6,53;1,18;Negativno;Ne
1357;8,4;-70,3;6,74;3,99;Negativno;Ne
1358;5,5;-61,6;6,41;3,58;Negativno;Da
1359;8,0;-47,3;6,52;0,38;Negativno;Ne
1360;6,8;-11,6;6,06;1,88;Negativno;Ne
1361;6,7;-54,8;6,96;5,8;Negativno;Ne
1362;6,0;-51,7;6,89;4,3;Negativno;Ne
1363;8,5;-38,7;7,43;5,03;Negativno;Ne
1364;7,4;-93,8;6,87;4,58;Negativno;Ne
1365;0,6;-49,6;8,02;1,46;Negativno;Ne
1366;2,7;-47,2;6,32;2,22;Negativno;Ne
1367;11,7;-72,2;6,69;0,84;Negativno;Ne
1368;7,0;-51,4;7,07;3,04;Negativno;Ne
1369;4,3;-45,0;7,61;4,05;Negativno;Ne
1370;9,7;-31,9;6,45;2,8;Negativno;Ne
1371;13,7;-54,9;6,78;0,85;Negativno;Ne
1372;10,8;-54,5;6,54;1,19;Negativno;Ne
1373;1,6;-62,5;7,25;5,51;Negativno;Ne
1374;14,1;-42,1;7,17;5,88;Negativno;Ne
1375;5,3;-22,3;7,1;3,11;Negativno;Ne
1376;13,4;-45,3;6,86;3,13;Negativno;Da
1377;9,7;-65,1;7,74;0,16;Negativno;Ne
1378;13,8;-41,9;7,05;4,87;Pozitivno;Ne
1379;7,8;-30,0;6,53;2,23;Negativno;Ne
1380;1,5;-42,2;6,88;4,64;Negativno;Ne
1381;9,5;-34,9;6,73;5,57;Negativno;Ne
1382;14,2;-56,9;7,06;5,71;Negativno;Ne
1383;4,7;-54,6;7,19;0,33;Negativno;Ne
1384;3,3;-46,3;6,65;0,7;Negativno;Ne
1385;12,5;-52,3;6,71;5,36;Negativno;Ne
1386;8,0;-6,0;6,63;10,848342794775355;Pozitivno;Da
1387;12,1;-55,3;5,99;5,44;Negativno;Ne
1388;6,7;-43,0;7,05;4,15;Negativno;Ne
1389;4,2;-8,2;6,86;4,2352219111252865;Pozitivno;Da
1390;4,9;-53,4;6,51;1,1;Negativno;Ne
1391;2,8;-43,2;6,9;2,13;Negativno;Ne
1392;8,7;-32,8;7,38;5,6;Negativno;Ne
1393;0,8;-78,1;7,32;2,59;Negativno;Da
1394;9,4;-72,4;6,91;2,37;Negativno;Ne
1395;9,3;-46,6;7,19;0,21;Negativno;Ne
1396;6,5;-33,8;7,05;1,04;Negativno;Ne
1397;4,1;-62,1;7,03;3,96;Negativno;Ne
1398;9,8;-12,9;7,81;10,285747029839563;Pozitivno;Da
1399;12,9;-41,0;7,11;2,77;Negativno;Ne
1400;6,4;-41,6;6,68;5,62;Negativno;Ne
1401;11,3;-44,5;7,29;3,37;Negativno;Ne
1402;3,7;-45,4;7,81;4,74;Negativno;Ne
1403;14,8;-31,2;7,3;4,6;Negativno;Da
1404;13,0;-61,6;6,76;5,58;Negativno;Ne
1405;14,9;-41,5;6,61;5,43;Pozitivno;Ne
1406;0,8;-44,0;6,97;5,11;Negativno;Ne
1407;8,7;-51,3;7,39;3,38;Negativno;Ne
1408;11,1;-30,2;6,4;2,32;Negativno;Ne
1409;2,1;-67,1;6,35;2,92;Negativno;Ne
1410;4,7;-51,2;6,54;5,37;Negativno;Ne
1411;13,4;-25,5;8,17;0,4;Negativno;Ne
1412;14,5;-17,5;7,04;5,39;Negativno;Ne
1413;4,7;-37,4;6,63;5,4;Negativno;Ne
1414;8,3;-24,8;7,29;4,45;Negativno;Ne
1415;3,0;-42,1;7,12;2,08;Negativno;Ne
1416;10,9;-28,6;7,45;0,99;Negativno;Ne
1417;9,4;-65,6;7,96;4,13;Negativno;Ne
1418;10,5;-42,6;6,6;3,18;Pozitivno;Ne
1419;4,5;-69,8;7,45;3,28;Negativno;Ne
1420;7,7;-47,2;6,68;5,17;Negativno;Ne
1421;9,1;-54,4;6,99;1,42;Negativno;Ne
1422;13,1;-30,7;7,29;2,9;Negativno;Ne
1423;13,5;-68,2;8,0;5,97;Negativno;Ne
1424;14,5;-71,8;6,5;1,57;Negativno;Ne
1425;9,7;-55,6;6,45;3,16;Negativno;Ne
1426;14,2;-14,0;6,51;9,716143493606864;Pozitivno;Da
1427;6,6;-29,4;7,14;5,85;Negativno;Ne
1428;7,9;-78,3;6,37;0,48;Negativno;Ne
1429;14,6;-60,6;6,42;1,52;Negativno;Ne
1430;13,6;-40,6;6,88;5,11;Negativno;Ne
1431;7,0;-62,6;7,77;1,6;Negativno;Ne
1432;6,2;-45,8;6,73;3,98;Negativno;Ne
1433;5,2;-58,8;6,83;5,18;Negativno;Ne
1434;10,8;-53,6;7,23;5,96;Negativno;Ne
1435;2,3;-63,7;6,34;3,92;Negativno;Ne
1436;10,2;-60,8;7,05;2,13;Negativno;Ne
1437;0,5;-51,7;7,15;5,57;Pozitivno;Ne
1438;7,7;-33,8;6,86;5,15;Negativno;Ne
1439;9,4;-10,8;7,25;9,186143493606863;Pozitivno;Da
1440;10,2;-55,5;6,78;3,97;Pozitivno;Ne
1441;6,6;-41,6;5,93;4,45;Negativno;Ne
1442;12,6;-79,6;6,61;5,51;Negativno;Ne
1443;8,1;-48,7;7,91;2,69;Pozitivno;Ne
1444;5,7;-42,3;7,45;0,91;Negativno;Ne
1445;5,4;-34,8;7,54;1,44;Negativno;Ne
1446;13,8;-18,0;7,36;5,04;Negativno;Ne
1447;12,4;-65,7;6,79;1,97;Negativno;Ne
1448;2,9;-32,8;5,53;1,39;Pozitivno;Ne
1449;3,1;-46,5;6,83;3,76;Negativno;Ne
1450;1,7;-86,7;7,76;0,22;Negativno;Ne
1451;9,3;-20,5;6,55;3,98;Negativno;Ne
1452;10,7;-66,2;7,56;5,11;Negativno;Ne
1453;13,2;-77,8;7,65;5,93;Negativno;Ne
1454;13,8;-39,3;6,49;0,78;Negativno;Ne
1455;6,4;-23,5;6,04;0,23;Pozitivno;Ne
1456;14,4;-44,5;6,3;5,31;Negativno;Ne
1457;1,6;-54,4;7,06;5,74;Negativno;Da
1458;12,8;-42,8;6,97;5,13;Negativno;Ne
1459;5,5;-61,4;6,52;4,38;Negativno;Ne
1460;2,9;-43,6;7,06;5,83;Negativno;Ne
1461;6,5;-53,7;7,27;3,68;Negativno;Ne
1462;7,7;-50,1;7,15;0,64;Negativno;Ne
1463;2,4;-23,2;7,05;5,67;Negativno;Ne
1464;6,0;-35,9;7,19;1,22;Negativno;Ne
1465;5,6;-66,5;6,4;2,05;Negativno;Ne
1466;10,9;-40,4;6,68;0,43;Negativno;Ne
1467;12,8;-51,6;7,52;0,95;Negativno;Ne
1468;11,0;-19,8;6,19;4,54;Pozitivno;Ne
1469;7,2;-65,1;7,13;1,22;Negativno;Ne
1470;4,5;-43,5;7,48;2,01;Negativno;Ne
1471;9,2;-69,2;6,12;0,8;Negativno;Ne
1472;3,0;-58,8;7,03;5,39;Negativno;Ne
1473;4,6;-34,5;7,07;5,98;Negativno;Ne
1474;11,4;-62,1;6,56;1,41;Negativno;Ne
1475;9,1;-59,5;6,35;4,06;Negativno;Ne
1476;11,7;-60,2;7,56;0,52;Negativno;Ne
1477;11,3;-8,1;6,34;10,208342794775355;Pozitivno;Da
1478;5,8;-13,7;7,26;3,95;Negativno;Ne
1479;6,1;-50,9;7,2;0,28;Negativno;Ne
1480;12,7;-16,6;7,63;3,73;Negativno;Ne
1481;14,0;-52,2;7,39;3,6;Negativno;Da
1482;1,1;-44,0;7,28;2,43;Negativno;Ne
1483;0,9;-43,4;6,53;1,73;Pozitivno;Ne
1484;0,2;-63,8;7,17;5,27;Negativno;Ne
1485;12,0;-63,4;7,27;4,1;Negativno;Ne
1486;13,0;-61,5;6,69;3,01;Pozitivno;Ne
1487;6,4;-44,9;7,28;4,54;Negativno;Ne
1488;2,9;-49,7;6,66;2,09;Negativno;Ne
1489;10,8;-47,8;7,42;0,69;Negativno;Ne
1490;1,8;-32,1;6,53;3,49;Negativno;Ne
1491;3,7;-26,2;6,68;2,68;Negativno;Ne
1492;11,1;-19,4;7,38;5,91;Negativno;Ne
1493;10,0;-34,2;6,5;1,48;Negativno;Ne
1494;8,1;-46,3;6,05;0,94;Negativno;Ne
1495;11,8;-50,0;6,67;0,29;Negativno;Ne
1496;6,8;-66,0;7,11;1,7;Negativno;Ne
1497;4,0;-56,9;7,37;1,15;Negativno;Ne
1498;9,5;-32,4;7,03;5,3;Negativno;Ne
1499;6,9;-47,1;7,43;0,84;Negativno;Ne
1500;11,1;-54,2;6,79;5,57;Pozitivno;Ne
1501;2,1;-67,3;6,95;2,99;Negativno;Ne
1502;1,9;-62,3;7,79;5,95;Negativno;Ne
1503;9,7;-17,5;6,78;5,195221911125287;Pozitivno;Da
1504;14,9;-41,4;7,03;2,04;Negativno;Da
1505;1,3;-63,3;7,33;4,86;Negativno;Ne
1506;0,5;-53,1;6,84;2,09;Negativno;Ne
1507;9,0;-27,8;7,03;4,94;Negativno;Ne
1508;0,8;-61,6;6,4;3,54;Negativno;Ne
1509;10,5;-42,1;7,72;1,76;Negativno;Ne
1510;8,4;-57,8;7,11;1,77;Negativno;Ne
1511;15,0;-52,6;6,63;0,58;Pozitivno;Ne
1512;3,4;-55,3;7,46;1,35;Negativno;Ne
1513;8,6;-11,5;7,02;7,445747029839563;Pozitivno;Da
1514;4,6;-75,5;7,05;5,29;Negativno;Ne
1515;10,3;-63,3;6,6;1,5;Negativno;Ne
1516;6,5;-42,8;6,81;6,0;Negativno;Ne
1517;3,0;-42,6;6,82;3,76;Negativno;Ne
1518;0,4;-54,2;6,41;0,1;Negativno;Ne
1519;4,9;-46,0;6,34;3,92;Negativno;Ne
1520;9,7;-35,5;6,67;0,26;Negativno;Ne
1521;8,0;-51,8;6,74;5,62;Pozitivno;Ne
1522;4,6;-60,2;6,94;3,96;Negativno;Ne
1523;5,9;-45,7;6,57;1,69;Negativno;Ne
1524;5,5;-56,0;7,18;4,25;Negativno;Ne
1525;12,1;-43,3;6,85;2,37;Negativno;Ne
1526;9,9;-28,2;7,03;5,92;Negativno;Da
1527;2,2;-21,1;6,44;0,74;Negativno;Ne
1528;4,7;-41,6;7,0;0,21;Negativno;Ne
1529;13,3;-47,3;5,53;1,82;Negativno;Ne
1530;11,6;-46,4;6,53;2,2;Negativno;Ne
1531;5,0;-55,0;6,42;2,94;Pozitivno;Ne
1532;5,7;-73,9;6,8;3,3;Negativno;Ne
1533;10,9;-51,0;7,07;4,18;Negativno;Ne
1534;8,2;-69,8;6,79;0,97;Negativno;Ne
1535;2,6;-31,1;7,03;5,93;Negativno;Da
1536;11,2;-65,2;7,07;0,1;Negativno;Ne
1537;11,7;-45,5;7,25;3,05;Negativno;Ne
1538;14,0;-56,3;7,25;2,02;Negativno;Ne
1539;3,4;-34,9;6,83;0,19;Negativno;Ne
1540;10,2;-53,0;8,08;1,72;Negativno;Ne
1541;5,8;-68,4;7,93;4,99;Negativno;Ne
1542;13,1;-55,5;7,05;5,25;Negativno;Ne
1543;12,5;-29,8;6,89;2,43;Negativno;Ne
1544;5,9;-67,0;7,53;1,64;Negativno;Ne
1545;12,5;-65,4;7,81;1,1;Negativno;Ne
1546;10,7;-46,3;6,7;4,71;Negativno;Ne
1547;5,5;-65,5;7,41;0,21;Negativno;Ne
1548;3,1;-47,3;6,32;0,88;Pozitivno;Ne
1549;8,9;-53,2;6,56;5,6;Negativno;Ne
1550;9,2;-26,3;6,65;3,9;Negativno;Ne
1551;15,0;-31,9;6,48;0,73;Negativno;Ne
1552;7,8;-27,8;7,38;3,89;Negativno;Ne
1553;14,8;-50,4;7,72;0,49;Pozitivno;Ne
1554;15,0;-59,3;6,95;3,83;Negativno;Ne
1555;10,9;-64,4;6,97;0,44;Pozitivno;Ne
1556;6,9;-27,2;6,32;5,37;Negativno;Ne
1557;14,9;-95,1;7,4;2,07;Negativno;Ne
1558;9,0;-18,9;6,54;9,646143493606864;Pozitivno;Da
1559;7,7;-84,8;6,46;3,14;Negativno;Ne
1560;13,6;-53,9;6,53;5,98;Negativno;Ne
1561;12,0;-61,4;7,08;1,61;Negativno;Ne
1562;3,6;-45,5;7,67;2,51;Pozitivno;Ne
1563;6,8;-30,8;7,66;4,23;Negativno;Ne
1564;1,9;-47,1;7,72;2,97;Negativno;Ne
1565;14,8;-33,7;7,39;5,25;Negativno;Ne
1566;3,3;-67,4;7,46;4,2;Negativno;Ne
1567;1,6;-54,6;7,1;4,37;Negativno;Ne
1568;10,7;-57,2;7,16;1,98;Negativno;Ne
1569;1,9;-66,8;7,35;3,97;Negativno;Ne
1570;6,4;-52,6;6,37;2,76;Negativno;Ne
1571;11,7;-20,4;7,2;0,54;Negativno;Ne
1572;1,4;-42,8;8,13;4,42;Negativno;Ne
1573;12,6;-29,7;7,86;1,75;Negativno;Ne
1574;4,8;-51,1;6,71;0,64;Negativno;Ne
1575;9,0;-50,7;7,1;4,43;Negativno;Ne
1576;0,1;-61,2;7,37;1,97;Negativno;Ne
1577;10,8;-15,9;6,53;3,06;Negativno;Ne
1578;13,0;-62,1;7,99;4,7;Negativno;Ne
1579;12,1;-50,8;7,23;0,54;Negativno;Ne
1580;3,1;-62,0;7,92;2,82;Negativno;Ne
1581;11,4;-47,9;6,9;3,78;Negativno;Da
1582;5,9;-57,2;7,47;5,03;Negativno;Ne
1583;8,7;-37,5;6,5;1,44;Negativno;Ne
1584;0,7;-72,5;7,36;0,42;Negativno;Ne
1585;5,6;-15,8;7,09;6,038342794775356;Pozitivno;Da
1586;5,6;-37,7;6,13;1,25;Pozitivno;Da
1587;8,0;-59,6;6,82;3,98;Negativno;Ne
1588;13,4;-13,8;7,18;9,035221911125287;Pozitivno;Da
1589;2,6;-39,9;6,82;3,41;Negativno;Ne
1590;0,2;-67,7;7,53;3,23;Negativno;Ne
1591;9,4;-57,8;8,0;0,67;Negativno;Ne
1592;10,9;-74,5;6,49;4,58;Negativno;Ne
1593;4,2;-41,6;7,06;3,93;Negativno;Ne
1594;13,0;-86,6;7,38;2,29;Negativno;Ne
1595;1,9;-65,0;7,7;4,27;Negativno;Ne
1596;11,8;-42,6;7,12;4,14;Negativno;Ne
1597;2,6;-52,1;7,74;1,26;Negativno;Ne
1598;4,9;-77,0;6,38;1,47;Negativno;Ne
1599;2,2;-38,9;6,12;5,93;Negativno;Ne
1600;0,2;-32,5;6,69;0,79;Negativno;Ne
1601;10,2;-44,3;6,44;3,12;Negativno;Ne
1602;14,7;-46,7;7,04;5,76;Negativno;Ne
1603;5,0;-53,2;7,1;4,17;Negativno;Ne
1604;7,3;-33,8;6,55;4,52;Negativno;Ne
1605;4,7;-34,4;6,68;3,15;Negativno;Ne
1606;4,6;-38,4;7,74;0,46;Negativno;Ne
1607;8,8;-58,2;6,76;2,84;Negativno;Ne
1608;12,3;-38,1;6,37;0,93;Negativno;Ne
1609;7,7;-80,4;6,79;0,82;Negativno;Ne
1610;10,8;-64,4;6,67;0,16;Negativno;Ne
1611;7,8;-22,5;7,68;0,22;Negativno;Ne
1612;3,8;-27,3;6,02;1,75;Pozitivno;Ne
1613;10,1;-7,4;7,8;5,725747029839563;Pozitivno;Da
1614;14,1;-53,9;7,28;1,9;Negativno;Ne
1615;0,7;-55,6;6,9;2,14;Negativno;Ne
1616;14,5;-55,1;7,5;4,31;Pozitivno;Ne
1617;12,2;-55,6;6,76;4,13;Negativno;Ne
1618;4,8;-15,0;7,17;6,9157470298395625;Pozitivno;Da
1619;6,4;-25,8;6,67;2,13;Negativno;Ne
1620;6,6;-50,0;7,01;3,11;Negativno;Ne
1621;2,8;-44,5;7,66;2,09;Negativno;Ne
1622;6,5;-55,7;7,83;5,4;Negativno;Ne
1623;10,8;-54,8;6,46;1,4;Negativno;Ne
1624;2,7;-41,4;6,82;3,61;Negativno;Ne
1625;0,4;-63,4;7,3;4,55;Negativno;Ne
1626;4,9;-36,5;6,77;5,53;Negativno;Ne
1627;10,6;-93,8;7,39;4,83;Negativno;Ne
1628;0,9;-49,8;5,87;2,95;Negativno;Ne
1629;0,8;-54,5;7,23;0,17;Negativno;Ne
1630;7,3;-42,8;7,93;2,46;Negativno;Ne
1631;3,7;-44,0;6,7;5,85;Negativno;Ne
1632;11,7;-71,4;7,77;2,85;Negativno;Ne
1633;14,2;-59,6;7,21;5,08;Negativno;Ne
1634;10,4;-25,3;7,87;2,6;Negativno;Ne
1635;5,3;-80,3;6,93;4,42;Negativno;Ne
1636;5,0;-86,4;7,83;1,12;Negativno;Ne
1637;13,7;-54,5;7,86;5,7;Negativno;Da
1638;4,3;-69,7;7,45;0,52;Negativno;Ne
1639;14,3;-40,7;7,29;3,04;Negativno;Ne
1640;13,0;-62,0;6,47;0,85;Negativno;Ne
1641;12,4;-38,6;7,36;0,91;Negativno;Ne
1642;1,4;-49,5;7,59;3,96;Negativno;Ne
1643;0,2;-39,0;6,23;5,56;Negativno;Ne
1644;9,0;-55,9;7,72;0,69;Negativno;Ne
1645;1,6;-37,7;6,62;0,58;Negativno;Ne
1646;7,5;-58,9;7,5;3,39;Negativno;Ne
1647;11,8;-38,8;6,19;3,45;Negativno;Ne
1648;12,9;-46,1;7,03;5,77;Negativno;Ne
1649;1,9;-39,9;6,63;0,55;Negativno;Ne
1650;4,1;-42,2;7,66;1,13;Negativno;Ne
1651;2,7;-65,5;7,11;5,11;Negativno;Ne
1652;13,8;-31,3;6,3;4,49;Negativno;Ne
1653;3,4;-41,1;7,1;2,69;Negativno;Ne
1654;11,2;-61,2;7,33;1,8;Negativno;Ne
1655;13,0;-57,6;7,0;4,81;Pozitivno;Ne
1656;2,9;-43,8;7,33;3,51;Pozitivno;Ne
1657;10,8;-83,9;6,77;2,74;Negativno;Ne
1658;3,6;-66,6;6,04;4,86;Negativno;Ne
1659;12,6;-61,3;6,27;1,17;Pozitivno;Ne
1660;7,0;-45,0;7,03;2,19;Negativno;Ne
1661;0,9;-51,1;7,03;3,82;Negativno;Ne
1662;10,1;-48,9;6,2;3,74;Negativno;Ne
1663;12,7;-50,5;6,81;4,9;Negativno;Ne
1664;9,5;-56,1;7,06;3,64;Negativno;Ne
1665;4,2;-65,5;6,95;3,9;Negativno;Ne
1666;1,5;-48,7;6,17;2,65;Negativno;Ne
1667;10,4;-19,3;7,7;9,626143493606865;Pozitivno;Da
1668;2,0;-82,3;6,37;3,64;Negativno;Ne
1669;1,7;-38,6;6,56;4,26;Negativno;Ne
1670;2,2;-70,9;6,39;4,68;Negativno;Ne
1671;14,1;-76,0;7,48;1,79;Negativno;Ne
1672;11,8;-46,9;7,09;2,99;Negativno;Ne
1673;14,8;-48,5;7,37;2,9;Negativno;Ne
1674;7,3;-56,2;7,5;1,17;Pozitivno;Ne
1675;14,4;-25,9;6,58;4,78;Negativno;Ne
1676;7,2;-41,3;6,84;1,0;Negativno;Ne
1677;10,8;-38,8;7,68;3,31;Negativno;Ne
1678;7,8;-34,5;7,01;4,27;Negativno;Ne
1679;3,6;-63,6;7,14;0,69;Negativno;Ne
1680;9,4;-26,7;6,31;3,41;Negativno;Ne
1681;7,1;-73,5;7,56;5,8;Pozitivno;Ne
1682;4,2;-71,7;7,58;0,82;Negativno;Ne
1683;3,2;-36,0;6,69;3,47;Pozitivno;Ne
1684;6,7;-40,6;6,25;5,89;Negativno;Ne
1685;7,3;-61,9;6,81;0,6;Negativno;Ne
1686;6,4;-58,0;7,13;0,52;Negativno;Ne
1687;1,1;-97,5;7,18;3,52;Pozitivno;Ne
1688;3,9;-34,7;6,69;2,54;Pozitivno;Da
1689;8,8;-73,8;6,91;5,16;Negativno;Ne
1690;9,8;-71,0;7,22;2,82;Negativno;Ne
1691;11,0;-79,8;6,87;2,98;Pozitivno;Ne
1692;10,7;-29,7;6,52;3,27;Negativno;Ne
1693;7,2;-54,4;7,1;2,61;Negativno;Ne
1694;13,9;-9,7;6,06;3,9752219111252867;Pozitivno;Da
1695;5,4;-40,7;7,04;3,81;Negativno;Ne
1696;7,4;-49,8;7,36;3,95;Negativno;Ne
1697;9,1;-61,1;6,95;5,56;Negativno;Da
1698;5,1;-28,9;6,98;0,57;Negativno;Ne
1699;14,1;-51,4;5,18;2,82;Negativno;Ne
1700;14,8;-40,4;7,75;2,13;Negativno;Ne
1701;8,0;-32,9;7,52;0,29;Negativno;Ne
1702;3,0;-22,3;7,22;1,59;Negativno;Ne
1703;9,1;-22,8;7,54;5,68;Negativno;Ne
1704;10,9;-44,5;7,3;5,6;Negativno;Ne
1705;6,0;-46,8;5,79;1,19;Negativno;Ne
1706;7,9;-61,7;6,97;2,56;Negativno;Ne
1707;14,6;-56,2;7,01;3,8;Negativno;Ne
1708;11,8;-11,1;5,87;9,845747029839563;Pozitivno;Da
1709;1,1;-44,2;7,43;1,86;Negativno;Ne
1710;1,2;-42,1;7,67;1,54;Negativno;Ne
1711;9,1;-50,7;7,15;5,66;Negativno;Ne
1712;2,4;-50,4;6,47;2,27;Negativno;Ne
1713;1,4;-37,9;7,28;1,02;Pozitivno;Ne
1714;0,3;-51,5;6,72;3,49;Negativno;Ne
1715;5,9;-26,9;7,07;3,9;Negativno;Ne
1716;5,6;-52,0;7,57;2,71;Negativno;Ne
1717;10,1;-74,7;7,73;4,49;Negativno;Ne
1718;8,8;-47,7;7,84;1,21;Pozitivno;Ne
1719;14,4;-57,1;7,54;2,85;Negativno;Ne
1720;3,7;-63,3;7,15;2,29;Negativno;Ne
1721;6,2;-43,7;7,07;1,68;Negativno;Ne
1722;1,9;-62,7;7,16;0,62;Negativno;Ne
1723;8,5;-24,8;6,89;2,4;Negativno;Ne
1724;8,9;-65,2;5,89;2,73;Negativno;Ne
1725;11,7;-65,2;7,46;2,58;Negativno;Ne
1726;12,5;-54,1;7,17;1,28;Negativno;Ne
1727;13,5;-34,3;6,61;1,67;Negativno;Ne
1728;11,8;-26,1;7,21;1,96;Negativno;Ne
1729;0,6;-42,1;7,34;4,09;Negativno;Ne
1730;10,6;-43,3;6,76;2,7;Negativno;Ne
1731;13,4;-61,4;6,73;2,9;Negativno;Ne
1732;6,1;-35,9;8,1;1,59;Negativno;Ne
1733;0,6;-55,9;7,17;5,14;Negativno;Ne
1734;7,1;-47,5;7,6;4,01;Negativno;Ne
1735;12,3;-19,3;7,1;5,988342794775356;Pozitivno;Da
1736;8,0;-57,2;7,29;0,51;Negativno;Ne
1737;5,4;-40,9;6,13;1,74;Negativno;Ne
1738;14,2;-66,6;7,19;2,97;Negativno;Ne
1739;1,6;-60,5;7,68;2,69;Negativno;Ne
1740;4,9;-64,5;7,79;5,57;Negativno;Ne
1741;10,1;-64,6;7,02;4,03;Negativno;Da
1742;3,3;-65,1;6,46;1,17;Negativno;Ne
1743;3,0;-50,9;6,54;0,58;Negativno;Ne
1744;5,5;-79,7;6,24;5,87;Negativno;Ne
1745;11,1;-47,9;6,61;4,08;Pozitivno;Ne
1746;14,2;-57,1;7,54;2,25;Pozitivno;Ne
1747;9,1;-24,2;6,66;3,93;Negativno;Ne
1748;6,3;-73,7;7,36;1,31;Negativno;Ne
1749;0,5;-39,1;7,45;1,57;Negativno;Ne
1750;10,3;-43,9;6,7;0,84;Negativno;Ne
1751;8,2;-40,9;7,33;2,43;Pozitivno;Ne
1752;6,3;-18,5;7,15;3,1;Negativno;Ne
1753;0,8;-39,6;6,44;5,77;Negativno;Ne
1754;2,8;-28,1;6,53;2,12;Pozitivno;Ne
1755;5,1;-52,9;7,41;0,28;Negativno;Da
1756;4,2;-64,8;6,43;0,48;Negativno;Ne
1757;14,9;-57,2;7,57;4,32;Negativno;Ne
1758;2,0;-57,6;7,69;0,69;Negativno;Ne
1759;4,8;-52,7;6,8;5,33;Negativno;Ne
1760;4,3;-16,1;6,89;1,66;Negativno;Ne
1761;10,2;-25,3;7,46;3,04;Negativno;Ne
1762;6,0;-6,7;6,69;6,9661434936068645;Pozitivno;Da
1763;2,0;-84,7;6,33;4,02;Negativno;Ne
1764;14,6;-57,8;7,94;5,64;Negativno;Ne
1765;6,4;-64,5;6,84;2,37;Negativno;Ne
1766;11,5;-48,7;7,09;5,42;Negativno;Ne
1767;2,9;-55,0;6,97;0,18;Negativno;Ne
1768;4,5;-55,2;7,27;4,68;Negativno;Ne
1769;7,2;-46,1;7,19;0,71;Negativno;Ne
1770;6,1;-30,4;6,49;2,26;Negativno;Ne
1771;11,8;-59,9;6,02;0,25;Negativno;Ne
1772;2,3;-30,7;7,57;2,47;Negativno;Ne
1773;2,1;-45,0;7,28;4,18;Negativno;Ne
1774;5,0;-65,9;7,86;0,81;Pozitivno;Ne
1775;6,9;-64,0;5,75;4,73;Negativno;Ne
1776;1,4;-47,9;6,73;5,37;Negativno;Ne
1777;3,3;-5,1;7,3;6,065747029839563;Pozitivno;Da
1778;4,6;-73,4;7,19;5,24;Negativno;Ne
1779;2,5;-57,2;6,73;0,42;Negativno;Ne
1780;8,0;-51,4;7,06;1,63;Negativno;Ne
1781;0,3;-56,9;6,67;2,63;Negativno;Ne
1782;5,2;-65,5;7,78;1,72;Negativno;Ne
1783;11,0;-41,7;7,13;5,69;Negativno;Ne
1784;0,1;-27,0;7,13;4,12;Negativno;Ne
1785;14,1;-50,3;6,69;3,57;Negativno;Ne
1786;4,4;-26,6;6,99;3,62;Negativno;Ne
1787;9,5;-26,8;7,45;1,24;Negativno;Ne
1788;15,0;-53,2;7,15;4,45;Negativno;Ne
1789;2,8;-97,7;6,42;0,36;Negativno;Ne
1790;2,1;-73,3;7,02;4,48;Negativno;Ne
1791;11,6;-12,3;7,71;4,695221911125286;Pozitivno;Da
1792;7,2;-50,2;7,33;1,18;Negativno;Ne
1793;5,8;-71,6;7,69;1,83;Negativno;Ne
1794;4,0;-34,1;6,57;5,51;Negativno;Ne
1795;14,0;-63,4;6,57;1,88;Negativno;Ne
1796;8,0;-84,6;6,91;2,32;Negativno;Da
1797;4,1;-72,2;6,65;5,47;Negativno;Ne
1798;3,7;-35,5;6,73;5,86;Negativno;Ne
1799;14,5;-75,9;6,81;2,41;Negativno;Ne
1800;14,4;-51,0;6,7;4,29;Negativno;Ne
1801;7,3;-54,0;6,5;5,09;Negativno;Ne
1802;6,0;-40,8;6,94;4,68;Negativno;Ne
1803;8,9;-69,0;6,65;3,45;Negativno;Ne
1804;6,4;-17,8;6,46;10,958342794775355;Pozitivno;Da
1805;8,8;-51,2;7,55;2,21;Negativno;Ne
1806;8,2;-62,3;6,08;4,68;Negativno;Ne
1807;13,6;-58,4;6,67;5,36;Negativno;Ne
1808;13,2;-51,4;6,62;5,43;Negativno;Ne
1809;12,7;-56,6;6,82;1,16;Negativno;Ne
1810;11,7;-64,4;7,76;1,56;Negativno;Ne
1811;10,0;-78,6;7,21;5,34;Negativno;Ne
1812;6,8;-35,1;7,33;2,85;Negativno;Ne
1813;3,4;-35,2;6,63;3,96;Negativno;Ne
1814;8,5;-68,9;6,82;5,53;Negativno;Ne
1815;6,6;-80,9;7,09;5,18;Negativno;Ne
1816;1,3;-19,0;7,74;4,76;Negativno;Ne
1817;8,3;-32,7;6,98;0,4;Negativno;Ne
1818;10,2;-25,2;7,65;3,48;Pozitivno;Ne
1819;1,9;-34,8;6,57;0,74;Pozitivno;Ne
1820;11,1;-39,1;7,27;4,21;Negativno;Ne
1821;13,1;-5,3;7,41;6,2352219111252865;Pozitivno;Da
1822;14,5;-37,1;6,92;1,36;Pozitivno;Ne
1823;5,1;-29,7;7,52;2,32;Negativno;Ne
1824;1,2;-38,0;5,76;5,46;Negativno;Ne
1825;5,2;-33,5;7,26;0,76;Negativno;Ne
1826;1,7;-62,3;7,39;0,39;Negativno;Ne
1827;7,3;-62,6;7,72;1,34;Negativno;Da
1828;2,9;-51,2;7,46;0,79;Negativno;Ne
1829;3,2;-51,6;6,35;1,48;Negativno;Ne
1830;6,3;-76,3;7,16;5,17;Negativno;Ne
1831;10,1;-65,4;7,1;4,9;Negativno;Ne
1832;3,0;-26,8;7,48;2,64;Negativno;Ne
1833;10,4;-13,0;7,04;6,2352219111252865;Pozitivno;Da
1834;9,9;-58,1;6,9;4,14;Negativno;Ne
1835;15,0;-53,0;7,2;3,69;Negativno;Ne
1836;3,8;-54,4;6,93;2,01;Negativno;Ne
1837;4,7;-21,9;6,43;1,51;Negativno;Ne
1838;14,7;-48,2;8,22;5,01;Negativno;Ne
1839;0,5;-54,9;6,55;2,01;Negativno;Ne
1840;1,6;-65,0;6,62;1,24;Negativno;Ne
1841;0,3;-51,4;6,51;1,12;Negativno;Ne
1842;12,3;-30,6;6,03;2,28;Negativno;Ne
1843;13,4;-61,4;6,64;2,07;Pozitivno;Ne
1844;6,5;-55,6;7,65;4,41;Negativno;Ne
1845;13,0;-18,2;6,88;5,52;Negativno;Ne
1846;1,3;-22,4;7,59;3,24;Negativno;Ne
1847;5,4;-60,8;6,83;3,04;Negativno;Ne
1848;1,0;-35,6;7,1;1,02;Negativno;Ne
1849;7,0;-70,9;6,82;5,23;Negativno;Ne
1850;2,8;-66,4;5,47;1,91;Negativno;Ne
1851;1,7;-40,5;6,72;2,84;Negativno;Ne
1852;14,4;-70,6;6,33;2,67;Negativno;Ne
1853;11,3;-46,7;6,59;4,36;Negativno;Ne
1854;9,6;-31,6;6,68;5,5;Negativno;Ne
1855;12,1;-43,4;6,96;2,35;Negativno;Ne
1856;2,6;-58,2;7,7;2,59;Negativno;Ne
1857;14,6;-58,0;6,76;0,71;Negativno;Ne
1858;2,3;-60,8;7,24;3,58;Negativno;Ne
1859;7,6;-66,4;7,2;4,4;Negativno;Ne
1860;5,8;-62,1;6,45;3,32;Negativno;Ne
1861;1,2;-65,9;6,46;4,21;Negativno;Ne
1862;0,8;-15,1;7,0;5,785221911125287;Pozitivno;Da
1863;13,6;-74,4;6,33;1,18;Negativno;Ne
1864;10,0;-30,0;7,51;1,93;Negativno;Ne
1865;10,9;-35,6;7,47;3,19;Negativno;Ne
1866;1,6;-54,4;6,89;5,52;Negativno;Ne
1867;2,8;-42,1;7,36;5,8;Pozitivno;Da
1868;6,1;-70,9;7,04;3,82;Negativno;Ne
1869;2,1;-73,1;6,75;3,82;Negativno;Ne
1870;10,4;-52,2;5,67;2,91;Pozitivno;Ne
1871;13,3;-62,1;7,82;1,95;Negativno;Ne
1872;7,6;-42,0;6,29;1,37;Pozitivno;Ne
1873;10,8;-29,0;6,79;3,77;Negativno;Ne
1874;11,8;-32,0;6,12;4,71;Negativno;Ne
1875;4,1;-45,5;6,62;1,23;Negativno;Ne
1876;0,6;-37,4;6,55;4,13;Negativno;Ne
1877;11,1;-39,1;7,98;3,12;Negativno;Ne
1878;5,0;-48,2;5,67;4,06;Negativno;Ne
1879;5,7;-66,0;7,47;5,8;Negativno;Ne
1880;3,6;-45,0;7,07;5,0;Negativno;Ne
1881;12,7;-50,3;7,12;1,66;Negativno;Ne
1882;6,1;-44,5;7,9;5,29;Negativno;Ne
1883;8,1;-53,9;7,22;3,13;Negativno;Ne
1884;6,1;-64,4;7,43;1,39;Negativno;Ne
1885;6,3;-60,5;6,31;1,67;Negativno;Ne
1886;0,3;-28,5;7,08;0,94;Negativno;Ne
1887;0,9;-47,5;6,62;2,24;Negativno;Ne
1888;5,3;-24,3;6,72;5,8;Negativno;Ne
1889;11,4;-41,2;5,8;1,8;Negativno;Da
1890;8,1;-18,8;6,72;8,685747029839563;Pozitivno;Da
1891;2,9;-45,2;7,13;4,73;Negativno;Ne
1892;8,7;-46,0;8,18;3,14;Negativno;Ne
1893;3,5;-74,9;7,17;2,36;Negativno;Ne
1894;6,4;-42,7;6,82;2,17;Negativno;Ne
1895;4,5;-65,7;5,87;4,53;Negativno;Ne
1896;4,0;-59,4;7,39;1,12;Negativno;Ne
1897;6,5;-53,4;6,94;4,78;Negativno;Ne
1898;8,9;-49,1;7,15;3,7;Negativno;Ne
1899;11,6;-48,5;6,31;1,78;Negativno;Ne
1900;11,8;-58,3;7,02;3,2;Negativno;Ne
1901;14,0;-62,1;6,26;3,39;Negativno;Ne
1902;11,2;-69,5;7,03;3,31;Negativno;Ne
1903;1,0;-32,1;6,86;1,34;Negativno;Ne
1904;8,9;-27,1;6,88;4,1;Negativno;Ne
1905;0,8;-52,6;6,71;1,38;Negativno;Ne
1906;12,6;-36,8;7,12;3,45;Negativno;Ne
1907;0,1;-56,6;7,11;4,43;Negativno;Ne
1908;5,3;-42,6;7,04;2,41;Negativno;Ne
1909;7,5;-61,4;6,49;1,0;Negativno;Ne
1910;9,1;-62,6;7,18;4,82;Negativno;Ne
1911;8,2;-53,4;7,36;1,67;Pozitivno;Ne
1912;3,7;-71,9;6,41;2,68;Negativno;Ne
1913;5,7;-37,2;6,06;5,54;Negativno;Ne
1914;4,6;-28,8;7,19;3,21;Negativno;Ne
1915;2,3;-54,4;7,7;3,68;Negativno;Ne
1916;1,4;-70,4;7,44;2,27;Negativno;Ne
1917;10,8;-43,4;7,45;1,0;Negativno;Ne
1918;8,4;-63,6;6,32;0,73;Negativno;Ne
1919;3,3;-45,9;6,44;0,61;Negativno;Da
1920;12,2;-41,8;8,37;4,95;Negativno;Ne
1921;6,4;-5,4;7,4;2,05;Negativno;Ne
1922;8,6;-80,9;6,32;5,08;Negativno;Ne
1923;6,3;-60,2;7,07;2,28;Negativno;Ne
1924;9,0;-6,9;6,42;6,558342794775355;Pozitivno;Da
1925;8,1;-50,3;7,84;5,56;Negativno;Ne
1926;4,2;-51,2;7,43;5,16;Negativno;Ne
1927;3,0;-45,4;6,32;5,25;Negativno;Ne
1928;8,5;-71,6;7,69;0,93;Negativno;Ne
1929;8,8;-7,9;7,15;10,615747029839563;Pozitivno;Da
1930;3,3;-56,1;6,48;3,53;Negativno;Ne
1931;5,6;-56,4;6,29;3,48;Negativno;Ne
1932;8,2;-45,7;7,13;5,7;Negativno;Ne
1933;6,6;-46,9;7,66;2,91;Negativno;Ne
1934;11,8;150,0;-2,0;5,05;Pozitivno;Ne
1935;5,8;-46,9;6,71;5,09;Negativno;Ne
1936;13,9;-58,4;6,45;1,25;Negativno;Ne
1937;7,7;-60,1;7,14;2,09;Negativno;Ne
1938;8,1;-71,0;6,98;5,07;Negativno;Ne
1939;11,2;-30,5;6,48;2,7;Pozitivno;Ne
1940;12,3;-26,7;7,25;4,3;Negativno;Ne
1941;5,2;-59,1;6,22;1,39;Negativno;Ne
1942;0,1;-43,9;5,54;5,39;Negativno;Ne
1943;3,6;-60,3;7,21;1,75;Negativno;Ne
1944;2,0;-17,1;7,1;9,708342794775355;Pozitivno;Da
1945;3,8;-37,0;7,1;3,2;Negativno;Ne
1946;8,8;-74,4;6,84;3,34;Negativno;Ne
1947;1,6;-36,3;7,0;2,68;Negativno;Ne
1948;1,8;-52,1;7,23;3,23;Negativno;Ne
1949;14,6;-54,0;7,03;3,53;Negativno;Ne
1950;2,9;-45,2;7,59;5,97;Pozitivno;Ne
1951;7,0;-74,6;7,09;3,18;Negativno;Ne
1952;1,9;-64,2;6,99;2,03;Negativno;Ne
1953;8,9;-51,6;7,95;0,96;Negativno;Ne
1954;15,0;-47,5;7,64;1,64;Negativno;Ne
1955;11,3;-5,1;7,49;7,876143493606864;Pozitivno;Da
1956;3,8;-21,0;7,65;2,94;Negativno;Ne
1957;0,3;-33,5;6,51;3,92;Negativno;Ne
1958;3,6;-72,7;7,68;3,07;Negativno;Ne
1959;12,4;-52,3;7,38;2,38;Negativno;Ne
1960;2,3;-28,4;6,55;4,85;Negativno;Ne
1961;12,6;-74,2;7,2;2,3;Negativno;Ne
1962;1,9;-67,7;7,41;4,79;Negativno;Ne
1963;13,1;-58,1;6,73;1,72;Negativno;Ne
1964;4,4;-50,3;7,57;3,09;Pozitivno;Ne
1965;6,4;-63,7;6,82;0,86;Negativno;Ne
1966;2,1;-9,8;6,13;9,066143493606864;Pozitivno;Da
1967;11,5;-29,3;6,61;3,4;Negativno;Ne
1968;2,3;-65,8;6,98;2,23;Negativno;Ne
1969;7,8;-42,8;6,72;3,47;Negativno;Ne
1970;2,9;-60,7;6,84;0,56;Negativno;Ne
1971;9,1;-64,2;7,33;0,29;Pozitivno;Da
1972;12,3;-52,1;6,6;3,88;Negativno;Ne
1973;11,0;-35,9;7,68;1,46;Negativno;Ne
1974;13,9;150,0;-2,0;3,17;Pozitivno;Ne
1975;13,3;-22,9;7,23;2,45;Negativno;Ne
1976;4,1;-58,3;7,35;0,74;Negativno;Ne
1977;7,4;-77,3;5,79;2,57;Negativno;Da
1978;0,5;-87,0;7,45;5,12;Pozitivno;Ne
1979;7,3;-46,3;6,5;5,22;Negativno;Ne
1980;0,7;-42,4;6,5;1,75;Negativno;Ne
1981;1,4;-45,1;7,27;0,1;Negativno;Ne
1982;9,1;-54,6;8,25;3,05;Negativno;Ne
1983;7,3;-34,3;7,27;3,89;Negativno;Ne
1984;0,6;-53,0;6,46;1,27;Negativno;Ne
1985;10,9;-17,4;7,11;8,795747029839562;Pozitivno;Da
1986;10,5;-53,9;6,47;1,52;Negativno;Ne
1987;4,1;-66,0;6,82;1,66;Negativno;Ne
1988;5,1;-35,5;6,96;2,07;Negativno;Ne
1989;13,2;-56,3;6,61;0,66;Negativno;Ne
1990;3,0;-31,6;7,23;3,16;Negativno;Ne
1991;7,2;-73,8;7,24;3,07;Negativno;Ne
1992;9,2;-43,8;7,21;4,27;Negativno;Ne
1993;9,6;-41,5;7,3;4,86;Negativno;Ne
1994;11,3;-36,0;6,33;0,5;Negativno;Ne
1995;7,4;-27,5;7,15;4,7;Negativno;Ne
1996;12,0;-51,2;7,45;0,96;Negativno;Ne
1997;8,8;-53,1;6,74;3,05;Negativno;Ne
1998;12,0;-45,9;6,69;5,79;Negativno;Ne
1999;8,1;-63,3;7,29;5,84;Pozitivno;Ne
2000;6,7;-5,3;7,17;10,375747029839562;Pozitivno;Da
